city,2017/1/1,2017/2/1,2017/3/1,2017/4/1,2017/5/1,2017/6/1,2017/7/1,2017/8/1,2017/9/1,2017/10/1,2017/11/1,2017/12/1,2018/1/1,2018/2/1,2018/3/1,2018/4/1,2018/5/1,2018/6/1,2018/7/1,2018/8/1,2018/9/1,2018/10/1,2018/11/1,2018/12/1,2019/1/1,2019/2/1
安康,105.78,105.88,108.65,111.92,113.06,113.93,112.95,110.97,112.09,113.76,112.46,124.19,118.75,120.47,127.52,115.55,121.47,123.88,129.87,127.32,127.72,140.02,136.39,137.88,144.1573354954955,145.3302582924665
安庆,214.38,219.12,234.45,254.34,258.14,266.45,268.16,262.86,279.77,271.27,283.16,291.2,261.85,273.53,287.11,291.53,305.2,307.96,325.66,338.1,362.01,331.21,334.99,332.7,369.9560849351273,360.97383947037116
安顺,113.67,114.54,120.5,124.68,122.87,127.99,132.88,139.08,137.35,137.7,134.73,142.33,131.68,144.36,138.33,137.91,157.93,163.17,164.56,157.58,179.58,151.47,171.41,178.94,164.8518646339237,172.02462565738503
安阳,108.54,108.07,114.18,118.46,120.4,124.14,127.55,130.65,134.42,141.17,145.39,153.34,150.73,143.01,156.75,163.61,170.57,183.1,176.41,172.54,174.49,155.95,176.15,168.91,188.91441061946904,114.41671587120315
鞍山,97.32,104.55,103.67,95.63,100.43,97.42,100.61,105.95,96.3,106.5,114.95,101.89,103.62,104.57,107.82,102.85,109.23,116.8,105.09,106.89,111.65,108.65,112.61,114.37,119.44808794496616,116.88272288438179
巴彦淖尔,110.18,114.04,116.15,116.19,117.71,120.31,119.04,121.45,129.64,121.42,120.73,121.08,124.28,121.3,139.47,133.96,126.82,132.68,142.5,138.12,144.35,140.92,144.02,146.06,147.89239866594556,142.44538511108072
巴中,102.97,104.87,107.4,107.69,108.21,109.41,110.22,109.51,113.2,117.16,117.74,117.23,116.53,116.63,117.8,110.37,115.6,123.06,132.46,119.99,128.44,135.02,125.42,141.04,141.47725625,177.8501939642449
白城,118.67,122.94,123.92,127.03,123.61,126.5,131.6,133.18,133.17,127.92,139.59,147.13,149.91,151.31,137.64,141.14,149.33,152.49,155.96,154.87,143.5,156.12,157.59,155.33,168.0204216427365,115.76890046802666
白山,105.55,112.27,108.29,114.57,115.79,116.97,119.07,118.89,111.17,109.41,120.3,123.52,127.7,120.52,132.01,114.3,126.95,150.38,120.57,130.09,153.42,131.81,144.26,148.17,143.981312855377,142.65502416079192
白银,112.11,114.26,113.6,114.76,121.94,121.66,124.3,128.84,122.17,131.83,128.1,131.76,130.39,138.68,134.85,119.74,128.95,122.81,106.55,143.74,152.83,157.11,150.5,162.34,163.60367441517775,169.86715233157113
百色,102.98,112.15,106.25,108.41,108.64,109.95,108.65,110.14,115.1,115.94,118.42,113.56,117.17,111.61,108.38,106.42,130.76,117.92,140.57,126.27,145.12,125.12,112.59,167.36,154.41160450788882,143.85540831423089
蚌埠,181.02,198.74,210.27,255.61,240.53,217.77,227.24,228.39,202.77,197.87,236.6,226.06,216.24,215.91,222.22,230.56,230.5,229.57,234.45,235.8,233.27,234.2,229.24,237.4,254.9439612157888,226.06492474679746
包头,139.47,139.96,139.99,145.49,148.89,152.79,153.86,154.11,151.69,153.88,160.55,165.86,164.58,166.45,163.56,182.54,181.15,173.87,204.04,192.97,187.1,185.38,185.42,182.98,190.57937160544785,173.1007225249752
宝鸡,108.73,104.49,106.38,111.23,111.13,114.19,112.13,117.44,119.81,119.64,136.52,139.89,124.04,121.06,132.84,137.42,146.89,165.42,151.4,154.71,151.5,148.63,148.11,156.69,155.8968704238738,156.59960095281508
保定,335.38,365.19,371.9,435.59,432.43,425.19,442.24,419.61,525.76,428.33,519.37,510.54,426.15,455.25,428.6,407.75,414.69,459.58,472.94,415.23,443.64,391.96,414.1,443.33,462.0121786981736,464.8349032469493
保山,112.55,120.15,119.41,112.94,113.19,119.73,121.08,127.31,123.48,121.45,121.3,132.42,143.26,153.32,122.78,133.0,135.28,124.62,123.17,129.71,163.31,168.52,172.55,166.58,147.0520221396731,161.06785340363226
北海,126.67,126.87,131.74,139.65,149.16,156.17,169.47,186.67,165.89,173.8,177.01,176.26,184.58,186.52,183.89,207.63,219.17,221.68,233.34,212.71,229.42,218.27,203.84,208.56,231.05115601458084,196.761208338981
北京,605.03,619.76,663.19,702.97,697.91,691.45,693.77,685.54,675.99,657.06,642.22,636.69,598.87,564.45,562.43,623.49,566.75,607.79,649.01,535.13,600.35,639.31,613.2,674.73,670.9875788353452,679.2794840109716
本溪,104.75,106.38,107.62,105.58,105.17,108.55,107.44,109.67,106.96,104.8,111.28,107.63,106.46,110.77,114.24,106.88,100.06,98.58,105.55,104.54,94.44,107.07,110.92,111.32,127.85427196029775,78.7094987403989
滨州,246.95,238.88,243.96,262.7,269.3,277.03,280.56,284.96,295.99,306.16,305.52,306.64,308.43,312.75,323.73,335.41,334.61,342.98,347.34,377.05,394.66,356.0,368.31,375.46,368.7244724046354,359.4922906060353
亳州,114.61,114.49,118.54,123.6,128.37,132.56,135.53,141.03,148.09,152.45,140.37,147.88,148.32,144.88,139.49,131.19,144.84,152.94,156.46,157.6,165.85,171.98,165.83,154.35,164.67167553448,165.98899921904703
沧州,202.84,212.95,229.97,270.19,278.91,268.45,273.22,262.65,318.59,299.88,332.78,330.15,284.24,301.22,294.04,283.13,294.09,305.26,328.44,289.12,311.02,238.07,261.91,246.07,314.0086165680473,312.16529042434945
昌吉回族自治州,121.83,124.65,126.21,123.86,123.6,125.6,125.84,128.21,136.88,134.32,136.99,136.32,137.78,131.31,140.55,138.92,144.52,152.59,143.49,145.62,150.36,154.39,153.09,154.74,162.9415326060606,155.41845403580498
常德,278.59,280.93,282.84,296.38,303.67,319.84,327.8,342.04,362.57,369.84,352.7,364.9,334.73,340.22,367.06,329.74,426.32,436.25,433.31,419.39,363.88,337.9,383.7,364.59,472.68308073314796,475.7923697077555
常州,236.15,245.45,260.25,276.36,290.19,302.98,311.53,322.06,318.9,328.9,320.57,336.8,342.49,350.91,352.02,358.47,360.4,352.78,402.97,394.1,409.86,421.01,389.49,405.13,415.76369844884726,397.4164192531045
朝阳,102.4,103.48,104.53,104.58,105.64,106.71,105.73,107.74,110.49,110.1,115.94,108.46,120.4,118.21,118.52,122.66,120.97,121.85,126.14,122.06,125.04,124.36,125.83,131.37,132.43902556742322,132.06351783888874
潮州,105.98,109.84,113.14,116.32,117.62,118.37,117.43,123.84,128.08,120.89,126.04,129.87,139.26,133.79,135.41,132.34,147.9,135.53,148.42,157.7,155.3,141.11,160.91,149.85,188.09136416184967,166.59792411212456
郴州,110.34,111.32,114.31,116.59,124.3,128.05,130.69,138.0,136.24,136.97,142.44,144.14,138.63,136.95,139.71,149.73,163.01,166.3,171.39,179.07,181.74,188.13,181.73,191.2,193.26922760646102,193.39068607797267
成都,224.51,224.43,244.21,258.44,261.05,267.11,277.07,282.1,287.04,284.95,324.05,338.62,331.89,338.16,340.95,326.15,361.44,359.0,353.74,353.31,360.17,354.87,334.72,327.58,346.1262609627083,337.31324867191387
承德,115.45,125.74,133.98,147.83,155.77,166.64,137.36,145.46,154.08,168.06,161.38,156.85,172.64,171.52,156.92,153.21,163.79,161.73,160.82,165.11,188.58,176.19,181.49,171.71,178.79399839666843,156.6730762693162
池州,110.12,111.91,114.83,116.23,118.84,125.26,126.67,125.65,135.65,144.2,141.9,152.46,147.78,151.16,160.04,165.88,164.65,172.46,171.64,177.84,177.11,171.74,175.91,166.12,181.0673196805029,172.73155471189222
赤峰,116.28,116.23,121.87,127.4,133.38,137.85,136.45,138.79,135.12,136.01,136.37,144.68,143.52,145.39,142.66,153.12,155.45,151.66,166.51,161.88,169.93,174.29,166.01,169.18,170.04301870202374,168.79151312997368
崇左,107.53,109.71,109.46,113.92,108.27,112.47,114.76,114.09,110.89,117.74,115.91,120.92,129.55,103.1,117.5,136.27,145.28,142.47,150.92,171.69,154.42,113.45,139.29,134.0,168.23006124721599,169.46951325609345
滁州,131.72,135.78,140.66,142.61,146.84,149.3,151.47,146.2,158.46,159.45,161.14,161.7,156.16,163.44,159.31,149.8,159.96,164.07,161.27,164.88,166.85,169.54,172.58,174.67,172.43956702734314,202.74320976318302
达州,111.3,112.31,114.67,114.44,116.02,120.96,122.77,124.6,122.13,124.58,134.88,146.9,132.68,139.39,112.26,139.77,141.92,134.09,162.47,137.58,141.07,159.3,145.83,160.88,185.79217537643933,187.49465537425135
大连,241.41,249.79,257.12,258.06,263.67,267.78,274.95,273.1,263.67,257.99,251.66,268.22,296.71,290.36,311.2,296.57,330.68,339.05,331.94,283.95,301.0,329.17,290.76,329.71,349.5589891103348,342.12056213667375
大庆,101.55,104.73,106.06,107.3,109.24,106.95,108.72,105.49,111.52,107.14,107.64,107.81,111.55,123.28,120.88,111.43,116.12,114.87,99.83,114.19,115.7,114.66,118.95,118.04,124.47880728228228,35.28358680747291
大同,110.42,115.49,118.19,119.3,121.99,126.46,122.58,126.39,122.3,122.75,136.73,139.15,135.35,131.78,140.14,119.34,141.09,127.4,117.35,134.59,129.76,152.51,131.66,128.69,167.54049112666516,169.80668445728531
丹东,161.76,169.51,173.84,170.39,181.63,183.87,182.06,180.51,181.32,168.16,180.61,179.91,181.34,185.91,180.31,177.68,185.34,193.46,208.31,203.36,209.28,190.26,206.54,208.08,221.88651397092582,222.48242680205672
德阳,109.38,113.73,116.93,119.96,122.42,130.73,132.01,135.27,132.87,135.5,149.2,150.03,149.38,159.81,164.51,169.23,174.62,193.43,203.65,188.11,190.82,195.1,186.01,180.63,208.30121568071988,192.34110776509635
德州,155.38,153.23,162.46,173.97,183.14,191.9,192.43,191.96,204.82,202.0,215.52,196.67,209.81,214.81,226.78,222.54,231.8,256.78,244.08,255.35,250.63,242.49,242.08,242.6,267.2258302601667,272.9943979589738
定西,112.87,113.76,114.98,116.89,115.69,118.92,118.56,121.42,113.93,118.78,121.25,120.77,117.98,124.0,122.62,122.82,132.96,135.76,141.71,136.71,139.64,117.85,142.83,141.65,152.4601760437376,149.89630408326872
东莞,351.55,337.57,366.43,371.85,386.84,414.15,388.99,387.56,399.35,382.67,391.99,395.8,397.21,386.11,418.11,428.44,446.73,468.9,456.32,460.7,456.98,478.58,458.19,481.98,487.51337232569915,487.9263580727509
东营,142.47,143.14,140.48,137.36,131.2,130.08,139.47,136.76,141.23,139.21,144.55,153.41,162.84,160.28,161.65,157.91,170.93,168.28,181.56,161.94,169.18,165.07,173.32,171.7,196.28749830220715,184.9311946939753
鄂尔多斯,104.03,101.65,107.87,110.87,124.18,111.41,109.64,123.68,128.9,123.42,107.99,129.25,130.23,123.41,145.45,128.75,129.16,109.45,111.1,114.31,126.59,141.99,143.83,145.04,158.89157772888808,149.3140285539815
鄂州,116.92,120.74,125.61,136.37,141.53,156.93,159.36,155.4,175.55,182.77,179.36,198.63,189.21,211.27,209.64,193.43,217.67,195.5,203.95,218.65,211.56,215.07,224.82,206.86,209.71830978588417,223.80414286574612
防城港,110.71,107.16,116.4,118.73,121.19,125.26,132.11,128.21,135.89,132.66,130.16,133.96,136.46,155.27,161.07,158.82,183.77,174.85,199.24,188.48,178.46,206.48,194.72,191.92,205.93241567091087,193.8369497855711
佛山,215.62,218.27,241.31,258.99,278.15,277.83,282.48,290.74,290.31,268.26,288.01,283.67,272.44,276.46,279.05,289.84,275.68,295.12,297.55,294.83,301.81,329.87,311.52,344.28,272.7498119916777,380.3334932171397
福州,367.42,377.93,407.1,426.4,456.02,468.53,475.36,490.05,488.72,454.97,495.99,500.04,423.06,443.53,454.02,459.42,460.03,467.02,503.12,439.46,460.05,474.23,457.95,444.44,558.8350500434253,568.3552850361426
抚顺,105.51,105.86,106.38,113.71,112.71,114.54,113.95,113.3,106.94,108.27,109.85,117.13,120.55,117.73,138.71,107.44,123.35,97.94,96.93,106.06,124.5,137.56,122.64,134.0,126.01854769230768,128.1952567717292
抚州,108.17,107.96,111.84,113.36,115.89,121.72,124.18,127.7,134.26,139.26,139.5,139.58,138.02,144.8,151.5,145.71,148.43,160.32,160.79,159.99,168.59,179.26,171.29,178.65,158.74621062014515,170.73760601268597
阜新,100.84,104.74,105.62,104.92,105.25,104.99,105.95,102.64,100.15,100.23,99.87,104.74,112.25,106.73,113.52,95.15,101.89,116.12,87.26,98.86,107.5,107.02,106.39,108.33,115.20860788520477,117.14319155587246
阜阳,117.34,120.52,124.95,129.1,137.1,142.06,139.23,142.38,149.43,156.07,151.75,150.83,153.67,152.13,157.14,157.34,161.19,164.65,159.05,162.96,167.48,148.17,155.92,151.46,177.71694933743493,127.72912075435532
赣州,168.27,170.75,177.75,187.47,200.98,209.92,204.0,199.7,210.98,213.39,217.06,218.49,169.0,167.02,172.59,176.84,178.75,180.99,189.16,178.93,192.4,202.5,186.37,189.91,221.74896662153844,232.400418041499
固原,111.61,112.11,113.74,115.51,117.03,116.49,117.34,118.07,121.65,125.89,126.96,125.85,124.74,125.42,111.86,115.07,134.54,123.2,139.32,132.86,137.81,126.44,135.17,133.2,137.47564992826398,138.22487783673142
广安,105.08,101.95,106.15,105.81,106.46,108.73,108.36,112.98,116.93,122.18,115.38,125.47,112.6,115.93,113.5,119.85,118.18,129.63,125.19,120.26,129.26,138.08,129.56,129.45,133.6013275862069,136.08528384428686
广元,107.49,106.02,109.46,106.59,110.09,113.98,114.06,111.08,117.35,120.32,120.31,120.59,123.49,124.86,112.81,127.96,133.55,144.46,194.52,149.89,118.55,127.93,156.7,167.54,161.6434368220463,164.96566981003522
广州,424.69,427.78,460.49,471.4,483.28,490.31,491.17,503.49,520.37,514.41,519.25,491.82,564.06,581.35,563.97,556.22,588.09,609.53,614.78,587.24,642.68,656.08,664.16,676.52,580.9991663934634,575.1895186177599
贵港,109.76,111.54,112.18,114.37,114.66,115.39,117.21,120.84,122.14,125.87,128.15,133.85,128.32,136.21,133.61,140.63,148.97,146.89,156.1,160.24,173.64,166.61,165.15,170.68,173.0549836947918,167.44031691249867
贵阳,248.02,249.08,253.16,258.8,266.57,275.67,282.12,283.72,292.15,306.06,308.6,318.97,277.35,297.31,319.93,339.21,362.42,383.2,394.92,380.72,384.95,399.09,382.14,389.86,418.52478978315264,409.9668705029683
桂林,145.01,144.12,137.92,155.68,144.84,153.12,148.53,154.18,151.2,154.16,147.84,152.81,155.51,150.29,160.2,164.28,159.65,174.44,183.77,180.11,184.58,183.1,173.52,172.74,185.33409541257512,231.33477954094369
哈尔滨,198.26,202.44,206.8,209.79,212.92,214.6,223.98,234.06,220.78,225.16,235.83,231.12,248.11,250.9,250.15,243.6,248.46,263.93,269.39,271.66,279.33,272.31,275.43,250.39,285.3163402674432,249.68225999868028
海口,185.47,188.05,204.32,222.31,234.79,238.47,254.88,267.0,260.13,281.08,295.48,289.63,294.72,302.52,308.0,332.37,365.47,357.68,385.15,382.17,394.3,381.04,369.5,387.84,375.6961341060209,356.12721435844236
邯郸,108.27,110.97,115.08,117.5,122.3,127.37,130.62,132.58,134.04,142.45,146.55,144.81,137.05,149.76,151.01,158.05,154.39,153.43,157.0,164.21,167.2,159.9,156.26,159.01,174.96801116984605,125.49387473670514
汉中,105.38,105.06,106.15,108.36,111.32,115.26,116.87,112.18,117.65,117.94,123.1,128.45,119.76,123.6,123.4,135.02,145.03,149.92,152.12,142.34,144.51,159.39,185.56,163.9,165.2849300911854,171.74179937308728
杭州,190.67,204.57,213.26,220.56,225.79,236.55,240.18,246.86,253.44,251.71,257.52,248.61,284.7,307.13,283.53,258.61,265.18,302.49,303.36,286.09,279.43,322.55,289.01,308.46,285.94441260102536,292.25783253783726
合肥,422.88,428.14,433.95,431.46,430.7,415.16,415.05,415.02,419.71,412.08,407.15,404.9,422.62,417.09,417.27,408.46,414.49,441.19,440.27,416.3,435.07,464.59,450.54,452.74,455.7828803652394,457.32881227288834
河池,111.55,109.46,110.84,112.99,110.81,114.0,117.36,121.84,119.42,119.48,119.38,116.95,122.25,119.3,114.72,113.69,127.89,117.07,111.9,128.74,127.71,126.72,117.41,138.26,137.62795428571428,104.4344332775492
河源,114.96,109.07,113.96,121.3,126.25,134.27,140.62,141.86,146.75,158.68,148.45,153.77,148.46,173.73,157.75,150.93,163.08,169.34,170.27,165.91,170.71,164.46,168.71,155.11,176.94013073967344,151.7640778515713
贺州,112.75,129.33,127.68,123.76,124.13,131.71,126.05,132.44,129.37,124.22,141.29,133.9,120.69,162.6,124.5,143.61,157.01,141.17,154.91,121.87,124.49,153.26,156.43,176.34,176.69008464431724,172.52836647776448
鹤壁,115.29,108.72,117.75,119.96,123.8,129.76,129.83,133.42,139.82,146.52,147.3,135.54,143.19,140.36,126.2,134.98,138.66,150.42,150.26,155.24,152.37,158.06,169.74,175.45,180.028119189148,176.39861510117862
鹤岗,91.73,96.74,94.3,90.52,89.9,90.58,91.95,90.13,85.61,89.18,90.89,98.06,111.29,99.02,134.95,91.57,93.04,101.83,132.3,108.46,86.64,114.75,104.1,110.84,92.25715191170671,98.13448550471178
黑河,108.19,110.92,113.71,111.86,117.08,117.74,117.94,117.35,118.1,129.67,120.18,120.07,142.24,133.82,114.44,115.27,115.51,144.67,88.22,101.85,104.48,126.7,108.2,97.48,140.3018013944954,134.3883137040062
衡水,97.87,99.58,112.09,128.98,147.78,148.64,141.39,145.2,150.73,154.83,154.75,144.26,151.49,152.99,157.09,158.48,156.06,157.75,162.28,154.64,162.0,124.74,152.11,130.03,163.20668484625568,129.60488036782718
衡阳,108.99,109.52,109.03,115.39,115.26,120.93,120.99,126.45,140.68,136.69,147.17,143.42,158.87,154.87,171.09,181.67,193.56,199.81,187.77,178.71,187.54,184.67,184.19,178.01,181.8449225835429,165.81362055747417
呼和浩特,229.43,232.35,247.72,250.6,253.3,264.52,263.95,267.46,269.11,271.72,273.84,298.13,273.48,319.05,303.72,322.3,313.64,345.47,398.23,368.41,366.13,394.24,356.68,410.33,420.5142943515005,404.0713344859433
呼伦贝尔,96.83,95.16,111.29,107.65,106.68,113.21,109.72,107.06,112.77,114.15,116.57,121.8,125.27,122.64,114.07,116.05,120.89,118.29,115.53,115.16,111.82,114.18,120.64,127.36,131.25493271245637,110.2267614970358
葫芦岛,108.47,104.58,109.51,113.43,114.97,115.86,114.97,116.11,115.2,117.82,120.12,115.15,118.48,114.02,121.34,129.19,131.44,126.25,131.46,134.37,133.14,136.96,137.03,138.79,136.42396590483327,135.69398945565027
湖州,228.07,235.7,239.6,250.03,252.08,256.16,260.35,270.2,274.5,320.18,279.75,266.27,353.07,367.37,347.11,323.48,304.54,387.82,413.92,393.94,412.18,386.03,364.1,406.36,385.9179048600029,379.9970697555821
怀化,119.1,116.78,121.05,125.6,127.47,130.32,134.69,145.17,153.44,155.5,146.94,147.13,153.51,157.79,148.76,150.12,162.54,165.81,186.0,166.23,192.66,199.69,190.13,189.36,188.083906388794,189.44609474964602
淮安,121.63,129.73,131.25,135.58,139.85,142.48,143.76,140.36,151.61,155.09,155.06,151.86,157.52,156.84,165.56,164.5,165.69,179.96,178.67,175.53,194.35,176.0,178.88,181.34,197.4919983548003,187.81675820443886
淮北,103.44,103.27,102.72,104.35,105.28,110.44,109.2,111.57,111.55,113.17,113.87,112.19,114.35,115.27,118.5,113.47,120.49,122.25,131.11,131.26,129.84,136.54,127.83,132.57,150.06489344262292,152.22504382457345
淮南,111.83,111.34,116.86,119.75,122.21,126.82,127.55,125.82,128.52,131.61,129.69,134.05,139.66,144.17,143.64,143.51,156.0,154.26,153.38,158.96,159.19,137.11,150.78,134.0,152.83168094422234,112.12831990600469
黄冈,109.01,109.28,116.89,113.78,116.94,119.26,123.52,125.36,131.4,139.2,134.95,131.69,132.01,131.5,136.62,166.93,174.4,176.18,195.38,149.67,166.1,169.93,170.57,175.43,202.22837690868263,208.6431940215633
黄山,124.67,127.37,136.41,147.22,150.11,160.55,161.56,164.09,164.76,156.56,164.45,164.54,157.2,163.06,170.1,183.22,165.45,212.47,228.06,191.95,209.87,172.81,174.9,166.17,205.2368046944083,150.87491981676598
黄石,115.56,113.18,113.25,117.35,121.87,124.51,125.91,125.69,133.78,125.77,141.25,140.69,139.49,140.21,150.06,148.61,160.19,145.85,158.51,130.71,163.14,158.36,154.76,154.48,178.2076033322653,177.32326484956383
惠州,207.23,212.88,220.72,223.91,227.75,230.88,237.91,242.58,244.8,240.13,244.74,253.97,248.56,257.8,264.3,272.33,271.25,273.17,281.46,274.62,272.56,286.99,278.68,287.0,281.3621141781681,274.43169662690207
鸡西,106.3,104.55,103.62,103.32,104.15,110.52,109.95,111.27,104.59,103.63,108.33,111.57,140.53,126.76,126.74,112.36,117.82,139.12,144.09,122.11,116.31,113.41,125.12,126.09,130.1741032531825,128.93821879199677
吉安,112.1,115.1,116.68,123.22,128.15,132.94,138.38,140.2,146.19,157.3,154.95,160.74,156.61,162.88,157.81,167.02,175.9,188.49,185.99,172.63,190.62,182.13,178.58,174.17,196.21712238024955,195.64636429091956
吉林,284.11,292.66,300.31,315.58,315.38,321.9,324.06,325.97,297.86,315.09,319.33,340.78,319.07,311.32,314.9,335.04,333.11,334.14,361.44,355.21,369.81,386.63,371.06,396.01,368.8313052178664,359.19383761771195
济南,350.15,357.9,383.8,406.11,415.27,432.45,438.47,446.85,449.83,403.05,445.47,423.28,447.64,471.01,461.14,436.02,451.68,441.03,472.67,437.44,462.35,491.09,445.66,463.17,471.2669321300591,475.52031173897774
济宁,152.73,152.02,165.79,166.77,168.08,174.07,171.45,170.88,175.24,183.15,183.36,183.74,163.91,166.02,172.81,165.76,181.03,188.15,195.55,189.68,202.88,196.15,204.93,194.75,208.4542137334556,186.3835837348056
佳木斯,113.64,116.08,118.91,118.25,121.49,122.13,121.9,124.37,126.26,125.46,121.57,124.9,125.86,129.73,138.97,122.97,128.16,122.51,123.34,129.25,134.64,112.86,132.27,159.48,155.70383089005233,159.8006570234487
嘉兴,279.31,285.46,299.7,312.29,335.83,351.84,353.49,350.39,393.44,387.75,420.15,424.0,350.13,349.23,351.95,331.39,348.02,348.56,360.56,380.05,350.03,412.07,416.06,439.18,478.25197541450586,447.7565036121245
嘉峪关,103.25,103.59,105.66,105.52,107.66,108.06,108.49,108.2,109.13,112.55,110.52,110.95,111.25,109.3,110.59,94.85,119.74,146.5,118.33,149.02,134.28,118.53,125.75,143.02,134.54186816100272,136.78849940769223
江门,278.92,291.48,305.61,320.42,321.29,329.3,341.28,343.9,366.17,403.67,479.29,478.1,404.56,421.48,452.81,444.95,452.71,451.2,520.19,429.65,480.19,457.91,453.68,466.18,526.9184008064517,630.5291219258958
焦作,114.86,111.75,110.14,113.4,112.57,119.15,117.86,127.34,129.23,140.97,142.19,130.69,134.7,133.53,139.54,139.85,143.27,140.7,139.95,149.1,161.06,139.35,159.73,160.37,174.74718365226903,177.8434422560859
揭阳,106.13,108.24,110.7,111.36,116.24,116.01,120.85,121.22,120.98,124.32,133.57,125.14,126.81,135.6,135.27,139.18,144.15,132.14,102.41,124.06,148.62,140.05,149.26,141.12,167.83322847979474,168.05800512508017
金昌,110.54,107.5,110.77,110.59,113.9,111.16,109.14,108.44,110.94,120.64,124.4,136.2,128.58,108.49,113.22,92.78,121.84,120.15,90.8,128.0,148.31,133.17,143.44,137.11,123.68719778021375,126.99846998664074
金华,122.81,119.65,125.57,129.75,135.52,143.31,146.16,145.76,151.61,154.72,165.15,149.88,148.94,145.99,144.78,150.03,165.74,179.63,185.84,164.03,178.26,185.72,173.47,181.13,195.57420562522609,177.01543626031219
锦州,123.88,123.28,133.73,129.42,128.32,137.52,127.74,133.29,127.34,136.49,132.31,139.68,137.58,128.1,127.9,129.78,136.43,135.12,157.35,148.12,163.11,149.76,155.7,158.96,155.3363247051005,136.41262126821695
晋城,103.62,102.72,104.67,107.32,104.63,107.98,108.37,106.76,103.48,110.42,111.65,110.92,110.64,117.84,113.23,111.06,117.85,117.07,124.4,127.4,129.93,123.14,130.16,124.76,135.0412135977337,136.72843660047585
晋中,104.9,102.86,104.48,107.52,107.62,108.95,110.51,110.36,112.25,115.13,117.41,122.35,121.44,116.06,117.49,121.89,138.61,147.97,150.88,156.54,162.26,162.28,165.56,161.77,163.29806082980758,165.82761017360176
荆门,107.76,103.86,108.37,113.19,111.59,118.11,120.61,125.23,117.25,126.56,125.08,130.95,117.99,134.06,105.68,123.51,132.6,143.19,162.45,148.81,158.53,158.42,144.98,146.5,170.96303164845176,170.3675048454493
荆州,120.0,121.03,124.29,129.72,138.31,146.29,148.38,145.58,155.77,160.13,155.6,157.14,151.51,146.62,159.25,166.75,171.72,165.05,186.89,167.16,160.96,153.04,154.02,150.24,187.80279067882472,182.21526332623867
景德镇,109.89,113.49,116.31,125.01,132.22,145.56,149.79,155.32,160.98,167.24,159.66,162.58,174.07,178.35,180.71,185.98,189.75,196.74,192.69,187.79,192.92,199.48,191.94,187.68,187.9216733668341,192.08296502982827
九江,181.3,186.31,194.09,205.8,212.74,210.77,213.16,217.04,211.26,214.8,220.25,236.59,208.67,210.54,229.96,226.64,226.11,240.62,250.93,239.13,241.81,224.63,232.42,215.86,252.182202056962,105.57715419276917
酒泉,108.09,107.67,108.57,110.73,111.2,111.59,110.85,108.24,113.38,114.11,109.71,111.34,119.32,115.07,98.3,110.93,115.12,121.69,120.08,112.7,101.86,120.85,114.59,124.26,122.55250782339272,124.95891005952318
喀什地区,121.65,116.39,117.38,117.38,122.32,119.61,117.25,120.96,123.46,125.3,119.36,138.36,143.22,131.58,138.46,142.98,138.99,149.51,123.12,164.62,164.78,170.06,154.95,166.68,166.71771359695498,169.41887307292853
开封,118.03,115.28,122.93,132.61,138.26,145.44,145.68,151.63,152.12,149.27,161.96,150.8,148.4,159.42,156.05,155.14,161.97,187.25,191.82,184.68,195.15,178.74,177.99,177.03,196.3622544054633,129.84872711092032
克拉玛依,102.14,99.09,99.27,99.82,101.81,99.92,102.12,95.37,102.9,103.03,102.03,103.05,114.17,104.82,111.33,106.03,104.74,103.44,98.5,107.56,106.11,109.36,108.94,108.17,108.35929750000001,105.95883456722599
昆明,219.08,219.94,227.24,226.17,233.47,238.4,243.96,247.73,229.8,245.19,249.53,255.11,256.53,263.52,274.46,291.39,320.17,320.37,333.68,306.87,321.09,339.31,323.98,333.98,332.60001052550825,333.76037449336496
拉萨,233.21,238.34,236.2,242.51,240.97,239.88,240.62,240.9,244.88,231.83,243.86,243.07,267.4,291.85,269.78,267.31,283.17,283.17,310.62,304.86,320.73,304.28,314.87,302.24,327.3869101345292,323.74699589011834
来宾,109.83,113.56,108.86,115.66,117.55,117.31,122.33,122.86,122.21,125.04,126.45,129.3,134.32,143.25,123.55,118.33,155.62,156.44,114.41,153.62,130.81,143.71,162.69,165.71,171.2448578871201,182.17059270621468
莱芜,103.66,105.04,106.35,106.94,107.72,107.33,107.94,107.67,107.58,107.47,107.76,112.94,114.62,111.49,122.45,135.41,130.98,145.0,151.32,153.97,157.13,158.96,154.12,155.68,160.9016201661081,145.88928543849477
兰州,319.68,323.16,326.28,332.07,340.36,343.74,353.53,355.1,341.55,347.59,350.28,356.26,360.27,364.07,360.36,352.18,386.46,380.75,385.37,393.75,409.65,415.98,414.14,424.64,429.08862671995917,433.357430471146
廊坊,338.92,343.07,377.92,398.39,402.93,372.99,367.54,340.47,316.59,317.47,296.61,300.94,282.22,291.26,284.09,271.38,276.66,271.62,275.29,264.75,271.03,239.62,272.53,256.01,274.26843427080314,269.28035017791285
乐山,101.34,97.08,101.73,103.41,103.11,112.06,111.67,111.35,120.71,128.92,125.91,135.7,134.09,130.77,148.45,154.14,195.46,221.6,212.37,191.74,202.06,169.4,167.26,161.71,159.81890538248533,155.57447003441024
丽江,106.48,108.54,107.53,107.95,108.32,116.87,117.64,123.86,122.65,123.7,133.3,141.61,112.75,121.01,117.83,118.97,131.36,145.77,149.24,135.18,136.37,160.66,150.84,154.45,176.45516446536462,170.76573648064843
丽水,112.23,110.26,109.44,112.07,115.58,119.52,124.31,121.32,129.76,131.93,128.58,136.71,143.98,139.78,145.3,148.06,133.68,115.13,150.55,134.99,156.91,175.98,158.56,154.56,178.24159409138508,176.98613253066773
连云港,145.19,137.17,146.08,190.84,187.89,193.98,230.0,259.79,226.12,247.48,230.15,204.23,180.69,192.33,205.06,189.06,196.44,214.95,237.92,213.97,231.83,209.41,225.61,231.19,246.5677209110584,177.77821521662818
辽阳,103.92,104.2,103.45,104.86,102.68,106.9,108.91,106.62,108.92,109.8,110.79,111.1,127.89,113.13,118.13,119.47,118.72,117.38,124.05,119.63,121.14,118.23,120.82,120.69,119.78978844155844,121.17929756306543
辽源,110.97,107.71,110.06,111.14,110.11,112.7,113.25,113.85,110.93,119.81,116.94,118.43,122.87,123.3,104.07,101.11,124.46,129.22,140.82,114.27,90.96,128.71,139.35,138.34,126.45164422018352,126.17117116238397
聊城,181.63,183.01,190.44,203.58,212.3,218.66,228.25,228.62,238.34,237.74,245.24,248.57,255.82,244.55,266.3,275.55,299.75,319.07,324.82,304.56,317.11,286.05,275.0,271.21,339.3364921416783,317.1871992379428
临沧,116.29,115.41,119.27,126.89,126.3,131.43,134.87,135.07,143.97,144.02,146.18,157.4,158.31,170.41,156.58,162.37,162.79,116.42,108.08,148.3,177.89,168.32,152.07,197.07,194.4779628892005,196.82649628259747
临汾,107.95,109.41,109.09,112.35,111.09,112.55,108.73,113.19,107.54,116.58,113.61,116.66,123.89,112.13,114.51,106.63,111.75,108.81,111.06,130.35,138.02,129.66,137.53,141.27,137.10137704918034,138.94255590339813
临沂,208.48,198.83,214.84,241.41,286.8,301.51,304.42,302.52,293.76,296.64,330.28,324.21,252.89,264.31,270.59,262.71,277.66,304.24,309.8,315.78,321.7,322.15,327.32,325.38,387.0380658024517,312.950677150447
柳州,184.61,185.07,187.19,195.15,198.8,200.81,204.13,208.44,199.1,209.65,216.49,208.7,210.55,208.68,236.33,225.06,231.02,226.43,245.81,252.89,250.31,242.96,244.62,237.31,233.7719377383157,230.82555068538412
六安,126.78,128.71,135.72,144.1,149.84,152.55,152.78,156.37,165.35,165.21,158.95,154.32,158.84,158.55,164.18,155.95,158.81,164.11,166.33,169.51,170.4,169.24,171.57,163.21,169.6993883841208,166.64425064821592
六盘水,102.22,104.23,105.13,109.15,107.61,108.96,109.04,111.18,113.25,118.24,118.56,125.85,120.91,116.94,122.24,113.52,132.61,124.91,133.18,142.96,133.32,122.84,137.9,159.06,154.82870126883424,164.0095272639247
龙岩,108.28,111.18,115.59,119.05,123.39,125.81,127.01,129.27,132.54,135.25,132.55,138.39,140.02,137.75,147.73,138.76,136.84,150.37,153.98,155.22,156.9,153.2,145.18,147.89,148.06066877617494,149.36537409169512
陇南,141.17,140.45,150.75,156.07,157.53,156.88,158.63,161.63,171.59,170.84,175.11,184.25,179.69,183.29,176.96,167.29,193.55,219.07,210.79,95.25,120.54,161.54,187.66,198.7,208.673260957034,205.06053002837288
娄底,108.46,110.26,110.42,112.53,116.01,118.78,121.84,126.14,124.41,131.16,134.6,137.72,133.37,137.2,136.33,127.17,143.68,152.59,155.3,155.44,169.53,171.38,167.79,175.44,188.02109656110355,188.6421338680424
泸州,180.77,170.68,180.0,189.93,191.23,191.73,193.69,194.73,199.74,186.5,213.39,181.16,180.72,186.79,191.54,188.27,203.05,211.71,214.07,213.36,207.88,217.89,195.17,195.55,221.40256278847687,216.72174750753655
洛阳,178.75,184.08,192.2,206.96,222.54,231.9,236.16,237.75,237.68,238.61,239.36,238.7,218.15,214.0,214.27,230.6,241.56,259.8,256.98,223.14,242.69,254.52,260.64,262.6,276.4924461484838,277.5676605813721
漯河,110.61,110.04,111.12,113.76,114.76,119.38,120.49,125.39,120.9,124.92,128.86,131.5,129.91,129.03,130.11,116.42,140.85,148.15,156.42,159.26,163.81,154.59,159.1,161.67,169.91170373831773,155.3232351355802
吕梁,104.98,105.08,111.83,106.46,109.3,114.77,113.33,119.7,114.53,111.18,112.72,122.7,122.03,120.36,115.48,106.17,118.86,112.08,106.13,115.18,111.83,116.59,110.52,125.92,138.8096348174087,151.6761351659675
马鞍山,148.16,142.02,157.41,165.7,172.42,171.38,188.23,180.17,169.84,176.13,177.61,187.79,182.5,177.32,187.6,184.88,200.18,196.43,208.59,205.18,204.37,199.2,203.28,200.73,214.56040650440625,212.58783502525284
茂名,111.83,112.26,116.29,115.84,121.46,119.67,121.41,125.45,134.74,139.62,131.0,141.88,141.92,140.66,147.01,151.79,151.95,148.31,147.01,150.72,149.47,142.69,147.13,140.05,138.9361565051715,125.86254522406496
眉山,117.08,113.35,115.52,123.94,129.09,134.74,134.46,134.73,145.18,149.41,157.0,158.81,166.46,179.06,185.19,182.56,214.15,213.05,220.37,202.74,195.78,195.71,201.95,202.65,220.2322356861557,160.2538528282663
梅州,112.74,111.08,117.16,122.97,128.25,129.05,133.65,136.63,147.3,154.7,158.87,159.85,161.79,165.7,173.54,175.58,167.75,166.22,177.02,155.18,151.89,148.89,150.83,145.58,171.36686880077997,164.49297932508756
绵阳,202.16,198.56,206.78,215.99,225.13,229.73,235.35,246.39,268.56,302.12,276.94,283.57,307.65,287.44,329.41,346.2,359.89,397.73,390.45,368.7,388.97,394.01,378.09,378.27,376.2030816455696,383.31210231668433
牡丹江,135.53,135.08,140.05,140.97,143.19,145.33,147.26,151.75,153.11,162.98,167.1,160.03,160.71,170.79,162.97,158.59,168.81,153.8,152.36,160.41,175.19,178.12,177.56,184.24,183.04754285714284,188.9271497882761
南昌,275.86,271.07,275.88,277.97,280.09,284.2,291.56,288.71,290.01,273.53,299.28,287.24,279.4,292.31,309.7,312.72,336.5,341.4,329.66,317.99,324.97,354.62,334.18,331.71,330.22705806271443,388.48831884948083
南充,178.12,184.61,193.1,198.66,200.09,204.96,214.44,208.47,210.56,221.11,221.18,229.23,202.2,198.72,218.4,237.44,246.98,258.26,255.56,244.69,250.28,246.0,242.22,239.76,239.71897523510967,234.54430856027008
南京,387.31,388.92,398.42,402.17,404.15,414.8,413.36,423.43,429.38,439.18,438.6,442.07,448.36,444.94,438.41,416.55,419.11,467.04,453.54,381.21,420.44,489.73,434.37,492.12,449.7136069242317,472.1683350161477
南宁,248.88,238.21,254.93,266.4,272.81,280.91,287.8,291.61,297.84,292.14,295.68,301.38,329.67,314.69,317.9,321.87,345.14,337.27,357.94,349.24,358.77,377.32,384.38,399.14,370.298958385297,372.43512173274763
南平,105.58,103.71,108.22,108.64,110.38,112.15,114.13,115.41,119.56,119.29,121.4,122.84,122.14,125.04,123.96,121.29,123.56,121.88,122.36,138.95,139.19,149.98,136.11,137.69,139.0816423503612,142.7365205456125
南通,182.72,186.91,206.33,215.71,225.07,224.4,223.46,224.71,215.84,217.28,225.46,224.72,193.79,190.19,199.57,214.52,225.27,235.8,244.23,212.94,225.38,270.29,246.49,268.55,269.39040519918086,166.39055363093368
南阳,108.2,109.1,111.41,111.82,108.24,114.69,113.31,123.56,120.13,130.06,122.74,120.82,129.25,128.1,136.18,141.63,155.14,155.73,158.96,157.26,164.13,168.17,163.24,177.94,185.9454088989656,174.47940704407054
内江,99.08,97.37,101.05,106.98,108.46,109.95,113.19,113.12,117.4,119.75,126.05,124.61,124.27,122.25,122.11,134.67,132.37,144.52,156.93,152.21,152.83,142.51,157.91,151.11,157.776588964182,157.07326816088178
宁波,182.85,184.25,191.44,194.49,200.02,199.42,198.87,204.07,208.18,209.97,196.52,213.86,206.67,202.12,212.45,210.51,217.86,216.0,235.15,229.62,240.01,277.82,265.17,279.19,281.84423676852595,243.47059841899508
宁德,105.7,105.52,107.96,112.41,115.16,119.93,123.44,122.73,130.45,132.98,131.16,137.48,135.26,141.94,134.4,119.9,137.36,155.88,149.55,154.48,162.63,159.34,151.37,139.11,173.70040858625748,170.84274655134942
攀枝花,99.68,96.19,96.84,98.42,101.9,107.99,110.08,106.63,113.98,114.67,119.8,124.34,116.83,127.07,122.29,120.84,123.51,128.17,135.92,134.87,125.31,140.92,137.5,138.24,144.76276989247307,149.71548584504552
盘锦,105.41,104.92,105.14,106.78,108.68,107.19,107.81,107.66,101.63,99.77,107.03,105.77,114.03,111.41,106.48,107.07,110.67,112.68,117.3,111.46,115.16,115.7,118.85,120.41,118.79515280954749,120.30818363794629
平顶山,241.04,238.22,240.24,240.89,240.72,233.09,231.08,245.59,233.54,239.44,240.55,259.58,248.2,229.76,265.03,243.11,254.19,240.58,265.21,251.65,270.96,233.88,254.14,263.46,300.53174706452234,258.6906854398309
平凉,105.29,104.18,107.61,108.79,109.6,110.03,113.59,112.69,115.2,120.77,117.68,123.84,138.1,124.19,121.04,118.35,133.35,121.57,138.64,120.68,131.63,149.4,153.23,162.35,157.43277696116354,158.73368078102334
萍乡,103.27,105.75,106.58,107.28,106.06,114.63,112.95,115.52,115.78,122.56,124.21,126.65,121.31,124.81,134.31,122.93,140.97,145.87,153.37,145.17,137.1,140.37,141.18,142.32,161.7177783244963,168.2204141459428
莆田,111.42,112.18,115.71,118.05,122.56,134.01,136.58,133.04,131.36,134.05,148.75,145.69,146.4,136.64,150.87,149.72,140.52,141.38,142.84,146.7,155.95,140.43,148.62,133.09,156.58308835373433,195.3525736671786
濮阳,105.09,106.75,107.73,109.08,110.92,113.34,114.76,116.44,117.96,119.14,122.06,121.72,124.7,125.07,126.66,123.41,128.77,133.88,134.23,133.4,141.94,131.14,137.59,138.63,149.60221313364053,149.76400294325003
普洱,109.11,113.41,112.87,117.57,120.32,122.32,125.29,132.73,133.62,136.31,143.96,150.14,171.37,165.4,137.01,134.99,154.23,135.18,184.74,160.43,122.27,156.52,180.35,191.64,194.0504222664016,193.5815243550613
七台河,104.87,99.88,104.05,109.51,108.84,109.59,109.38,110.72,107.98,100.14,114.7,113.92,119.85,106.56,131.44,123.94,118.84,126.32,118.4,116.73,113.15,112.61,114.38,124.75,116.89519069697876,116.92566546507165
齐齐哈尔,106.06,104.71,106.63,106.14,109.13,112.52,112.18,105.3,103.79,104.18,105.26,110.65,112.14,117.16,106.65,93.36,103.51,87.59,73.05,96.82,97.17,110.01,101.15,110.65,113.65259840000002,137.31601094025478
钦州,106.04,104.89,102.98,103.93,103.45,109.82,107.73,110.46,107.75,108.37,114.31,113.83,111.78,110.97,111.35,114.73,123.02,130.87,131.05,126.93,135.69,125.58,135.39,140.76,148.14413647058822,126.65101894512478
秦皇岛,112.2,113.81,123.34,138.62,149.14,144.46,147.66,142.93,128.99,133.65,139.77,142.68,137.29,139.72,143.83,147.97,157.35,168.53,175.24,161.73,168.63,162.55,173.16,168.92,175.5705282094954,151.0780251879124
青岛,307.68,304.98,358.17,366.49,379.85,386.24,382.7,388.3,369.62,355.83,369.41,371.81,376.64,393.71,399.01,400.42,463.53,466.94,456.28,374.13,373.49,464.47,399.58,441.55,436.19532733319886,448.8979811899837
清远,116.97,115.74,132.28,159.81,170.51,184.29,187.72,193.58,186.39,179.77,193.36,187.4,187.03,198.9,192.19,189.75,200.07,226.56,212.2,199.61,202.1,195.74,207.92,204.26,220.44063404658718,222.9445445822604
庆阳,113.61,115.65,118.12,119.56,122.24,126.93,128.54,128.21,133.03,133.67,134.07,136.4,137.27,136.68,140.99,144.78,145.51,164.44,149.21,154.28,157.41,161.54,155.55,161.95,166.13523252323088,168.8574176172646
衢州,114.31,116.55,120.95,125.46,134.35,137.69,139.94,136.56,153.59,156.52,156.24,155.38,158.53,168.64,168.14,157.65,172.31,181.13,195.32,179.16,195.24,199.68,200.14,196.61,192.6881068432984,194.09667908766158
曲靖,100.52,100.86,102.87,101.61,103.1,106.38,106.59,106.4,101.44,108.57,109.74,109.93,112.23,116.34,115.95,119.05,115.99,115.76,116.53,109.15,117.02,134.52,118.45,129.34,143.15331550491507,138.03664175930842
泉州,234.33,244.83,247.54,269.53,265.32,280.41,293.95,299.86,300.84,295.09,302.59,308.16,311.02,308.2,305.03,299.97,299.53,310.46,329.63,286.18,293.08,313.24,314.06,303.45,354.17360781971,276.66149375581443
日照,228.6,232.05,228.45,234.09,231.39,238.87,241.95,244.36,276.98,270.57,276.27,284.33,268.19,233.65,285.61,278.76,297.89,323.65,336.07,309.64,322.49,275.53,321.87,320.71,377.30845896674583,383.03045561470975
三门峡,106.67,105.18,108.99,114.68,113.58,113.87,117.88,120.81,118.59,113.21,121.18,124.54,107.98,102.74,106.93,109.36,119.82,126.76,124.88,124.43,120.16,100.87,124.57,140.62,139.29552590936802,139.62678620138865
三明,107.1,106.58,105.2,108.04,108.43,108.38,106.42,109.71,111.49,115.56,115.57,115.13,120.23,113.43,115.95,116.86,115.65,105.41,120.75,118.08,115.71,129.86,121.78,129.92,145.56871042841712,145.17754630695657
三亚,274.11,277.68,292.62,321.93,324.68,319.75,342.82,365.61,379.96,388.1,363.06,468.38,396.25,393.77,431.93,514.13,476.01,568.22,647.99,455.32,455.66,463.4,465.7,528.59,694.66613768146,539.3166084777316
厦门,574.71,593.81,645.97,693.68,717.75,713.58,710.75,694.12,703.75,699.85,698.07,700.46,617.88,628.19,633.15,570.34,586.28,615.54,659.73,569.47,585.71,619.9,580.42,596.86,651.8198180970619,653.7838889920392
汕头,336.6,332.29,363.38,375.44,407.97,436.73,413.96,425.88,388.45,437.04,444.46,420.01,421.77,409.89,432.71,436.3,400.42,496.67,450.44,395.99,415.48,396.55,407.08,405.16,419.18107325496726,320.5300179903675
汕尾,115.99,115.81,119.69,121.22,125.81,135.41,142.83,141.45,135.45,128.23,147.28,151.29,146.23,147.35,134.67,125.47,166.06,161.53,126.42,148.44,138.5,151.14,148.24,157.78,212.2753266091777,212.90068285413855
商洛,101.19,102.71,101.19,101.8,103.23,102.27,105.03,108.57,108.35,116.99,111.02,111.61,116.62,115.59,113.94,109.79,121.92,128.91,147.48,145.83,206.64,124.05,151.57,150.41,148.55967053844347,174.3146248828649
商丘,112.4,112.32,120.84,126.15,132.33,137.58,134.08,146.82,141.22,143.21,144.72,146.29,157.48,144.51,156.58,173.38,190.38,172.51,189.32,179.59,185.84,171.16,181.9,179.36,189.62475959595957,158.38378791676425
上海,400.89,419.66,410.43,404.0,407.66,398.05,412.62,402.46,393.39,418.16,390.95,402.49,437.01,450.62,436.06,450.24,466.89,445.11,418.36,376.67,401.99,421.07,372.12,404.17,414.4351847447181,402.80042712341077
上饶,105.55,106.47,109.78,110.95,115.47,117.77,121.25,128.78,139.38,142.98,139.59,139.58,148.46,145.65,153.1,146.23,172.51,176.06,178.17,170.61,174.84,172.16,177.11,173.17,184.49522930857879,183.88995158640137
韶关,145.37,142.16,144.23,149.92,153.91,154.84,159.1,158.77,173.01,180.37,163.48,159.81,186.67,198.17,199.57,201.61,195.05,200.19,211.68,196.26,195.13,186.71,213.48,195.68,200.1374689503137,201.82525499086282
邵阳,111.24,111.58,112.54,114.18,116.62,118.89,119.68,117.88,124.62,126.59,132.64,128.11,127.8,128.32,143.35,119.3,126.93,136.0,140.5,144.24,144.23,138.05,141.3,151.46,160.30612821481017,140.4245344130883
绍兴,182.54,165.75,173.42,190.94,201.21,187.41,199.19,189.67,165.53,167.15,196.4,194.98,195.44,192.18,185.41,198.11,188.06,162.06,192.47,197.34,203.94,222.25,208.46,221.65,294.87007878151263,285.96280675213194
深圳,540.62,548.75,591.07,585.25,604.56,619.8,631.4,642.65,585.02,609.37,631.04,641.74,575.49,620.9,607.38,594.03,549.12,681.51,691.81,596.27,703.4,696.76,715.89,704.01,713.0828833225148,717.325711811832
沈阳,209.38,209.97,217.3,219.69,226.38,228.82,239.83,235.53,221.72,238.03,250.04,258.7,266.55,274.88,280.31,265.22,279.97,273.07,290.72,275.1,291.34,317.04,303.27,315.45,309.38173581443493,316.53289660609835
十堰,106.4,105.42,106.21,107.73,111.01,114.84,115.03,112.31,119.64,121.66,117.0,119.29,122.33,118.99,120.24,119.94,119.91,119.18,132.74,112.92,124.38,137.33,136.75,140.85,136.8615396759795,135.7090460147926
石家庄,425.12,433.12,483.6,514.71,531.97,537.36,538.81,532.34,532.66,522.05,512.28,495.11,482.11,459.83,435.94,433.72,486.11,507.29,500.1,432.75,487.97,499.45,448.46,493.9,479.51139520547935,475.90712998841883
石嘴山,97.31,96.26,96.35,97.8,98.45,98.87,97.48,94.56,94.58,96.87,95.82,94.57,96.89,95.84,106.77,102.1,100.68,112.04,109.95,97.81,93.86,106.93,101.31,104.17,112.22128420289856,114.7647143204145
朔州,108.01,109.56,110.91,113.67,111.6,113.86,111.01,113.81,103.3,112.11,109.77,117.91,145.26,123.22,114.43,114.43,112.31,128.25,122.33,123.71,111.8,128.41,125.54,123.64,126.19194671280277,119.04047392529677
四平,105.48,105.77,108.0,110.15,108.79,114.69,113.94,114.23,114.2,124.4,122.33,117.83,121.77,127.57,135.55,118.49,121.29,138.06,138.29,142.52,142.7,140.52,141.74,143.65,140.38732059186188,139.94187221597548
松原,107.82,110.14,110.84,111.66,109.54,112.11,115.95,112.58,114.85,110.23,115.07,118.96,134.5,112.91,110.22,116.24,117.66,114.61,120.78,123.74,123.51,123.56,123.33,122.29,129.0493378297085,85.5592000070358
苏州,401.48,407.39,400.41,404.1,400.42,398.53,394.65,381.88,384.88,386.38,387.53,395.31,315.27,300.89,307.08,315.09,314.46,414.5,409.21,337.95,349.57,440.36,375.85,458.95,478.1440055762082,578.4726653098319
绥化,103.08,101.26,102.72,105.4,107.98,110.56,109.1,109.62,120.78,123.55,115.8,113.5,119.91,119.61,112.15,109.44,118.74,114.63,119.75,103.19,116.87,127.63,115.94,127.67,131.19484701130855,134.50662858193323
随州,106.87,105.46,108.1,112.88,113.84,118.74,118.99,121.32,130.95,126.97,133.05,140.48,132.4,144.13,137.57,132.85,152.49,158.87,155.66,154.44,163.12,158.97,159.21,160.1,163.4044270893372,169.19022734760617
遂宁,111.29,111.19,113.13,117.0,115.75,124.06,126.35,122.82,143.12,150.17,140.76,153.56,148.52,147.44,136.79,146.06,164.33,177.38,182.69,165.07,157.8,197.84,178.69,177.07,187.8763014468196,189.88638828509013
台州,208.26,211.2,220.9,229.73,217.54,224.25,232.56,221.97,226.12,238.61,244.5,270.44,243.92,241.98,263.45,261.03,275.41,276.9,268.58,265.24,253.12,282.53,272.86,279.15,277.4602271736838,259.0923719307284
太原,240.51,244.07,249.81,253.75,259.13,262.84,264.52,266.75,252.93,267.89,272.89,278.67,282.44,287.89,302.0,303.53,327.32,333.63,342.61,341.51,355.19,356.91,345.82,360.68,365.567576009832,361.68066328782896
泰安,182.03,182.74,195.46,192.35,210.72,200.46,196.2,201.47,167.12,170.97,205.27,213.59,170.16,172.45,185.62,175.56,197.11,229.87,247.05,232.28,265.17,269.28,244.8,276.63,313.007447039174,235.5416091765771
泰州,182.21,182.95,189.84,200.76,203.65,206.91,222.4,223.06,224.76,234.94,283.39,293.9,239.28,242.96,265.96,259.27,277.08,266.9,271.31,261.29,266.91,276.46,267.17,252.69,295.46975724899175,245.5940215866406
唐山,166.06,170.08,180.97,200.74,207.0,212.09,213.12,213.05,206.75,208.44,211.53,210.67,202.88,215.59,208.49,184.93,222.77,224.18,229.39,200.19,226.76,219.63,218.22,230.75,257.6650020770589,229.87366539285358
天津,337.88,364.74,378.54,365.34,373.88,389.63,380.96,376.09,384.88,370.2,363.38,340.19,348.78,346.3,332.77,301.34,341.28,350.84,360.08,310.86,337.64,390.34,318.03,389.56,355.3662771887264,342.3636968374207
天水,104.65,105.73,106.34,106.15,109.53,107.63,109.0,109.4,112.85,117.32,113.0,109.77,119.38,119.4,116.64,116.67,124.58,109.95,135.93,129.86,143.94,127.17,127.14,131.54,129.47602416204484,135.63496105199323
铁岭,104.51,103.8,108.16,107.26,106.2,108.39,109.98,107.86,107.42,111.99,109.15,111.1,114.43,115.12,115.3,113.42,118.04,118.37,121.93,118.54,120.76,124.13,121.48,122.13,120.58816052700232,123.6028645401774
通化,124.67,124.44,128.85,132.78,134.24,135.65,136.4,138.86,143.6,144.23,144.65,148.71,154.44,157.96,158.32,160.14,164.78,158.68,178.79,180.53,176.91,173.06,180.5,176.75,182.88470937014,158.14426166211268
通辽,109.12,110.5,112.32,112.54,114.95,117.28,117.54,121.5,116.84,122.85,122.75,126.12,123.42,116.76,123.16,116.61,135.73,139.48,136.68,142.83,155.55,146.07,137.9,142.29,150.3590145712333,151.06899584321553
铜川,105.35,110.04,110.24,108.6,108.51,110.88,116.25,118.07,116.19,124.23,114.32,153.17,120.62,120.12,117.25,131.32,131.2,138.78,150.46,154.19,195.13,126.6,163.49,171.52,163.80381394038955,244.20172976705962
铜陵,122.13,123.16,123.21,124.88,128.83,133.23,132.85,135.75,135.53,139.89,142.04,135.33,147.51,149.59,148.01,130.11,162.32,165.78,169.68,171.75,178.98,173.09,167.93,169.8,172.98865488066681,177.19778767552776
威海,162.53,163.25,165.62,171.39,177.18,191.69,199.81,207.72,229.04,235.65,245.38,244.77,214.95,193.04,206.48,199.97,229.5,230.0,244.14,226.68,245.47,254.51,243.58,249.03,308.58126216778936,261.9780337924214
潍坊,213.14,213.24,220.69,230.41,237.59,245.9,254.98,264.49,270.66,278.4,275.61,287.47,295.29,305.52,294.03,285.57,300.37,324.95,327.32,304.57,309.5,317.47,298.79,309.97,341.93554522922636,322.94352657378886
渭南,111.29,110.75,113.67,112.79,113.99,114.65,116.21,118.91,122.63,122.86,123.72,124.64,125.8,129.13,125.12,129.61,152.66,147.78,153.64,160.33,170.51,198.37,165.38,172.85,178.31033745189384,180.605758239454
温州,152.42,157.51,164.49,167.59,177.88,179.89,181.14,177.37,182.5,183.61,184.07,184.85,171.04,157.81,166.02,168.76,157.86,176.49,181.38,153.03,171.53,192.6,187.98,189.21,213.3224728646868,175.15280060859055
乌海,105.57,105.87,107.67,108.13,110.23,110.99,110.46,112.28,100.54,105.63,116.57,111.53,125.24,105.7,116.66,120.39,114.93,112.38,124.37,119.94,126.47,131.32,126.54,134.3,126.31985507246378,125.86889460441117
乌兰察布,109.16,109.35,115.72,116.51,119.94,118.13,121.06,120.13,125.45,123.74,125.9,120.79,120.47,114.24,116.12,131.32,125.27,133.17,137.14,115.49,125.19,125.33,119.79,149.57,156.80178659793816,164.10155938129415
乌鲁木齐,165.17,163.54,161.48,162.24,174.27,156.01,161.71,175.65,171.01,173.25,179.03,179.62,185.32,204.85,206.39,205.95,217.61,207.1,211.62,212.85,213.89,206.49,205.8,200.45,215.69352325581403,186.70194996559417
无锡,219.05,221.63,234.84,240.1,249.05,256.31,259.25,267.13,252.16,256.71,269.38,276.28,257.74,277.38,273.11,270.46,240.59,246.49,293.97,260.81,295.36,326.71,299.11,332.34,339.16579501503514,338.1935404964028
芜湖,124.69,127.33,130.42,135.96,140.91,146.98,150.2,154.38,164.66,163.38,164.8,183.04,176.87,177.02,187.79,194.24,195.51,205.97,214.74,216.54,205.94,217.3,204.0,204.13,209.33343094604191,213.11489711064362
吴忠,105.1,104.84,105.08,105.93,106.82,109.03,110.55,108.54,102.53,109.37,113.32,105.18,110.23,105.79,111.12,103.7,114.9,108.45,110.49,113.45,115.11,107.88,119.67,118.3,122.69025899280577,128.55759732815994
梧州,106.65,109.78,109.04,109.56,114.44,117.03,119.09,113.61,117.07,125.36,125.91,128.48,129.85,124.81,118.76,121.54,138.85,135.61,140.67,130.02,127.22,162.16,157.15,158.68,147.5311371319312,148.39257281190274
武汉,382.97,395.85,417.37,428.29,435.12,443.87,437.44,435.3,454.1,432.15,453.43,458.3,450.11,450.35,454.38,464.55,508.4,440.47,461.32,423.2,451.9,498.53,458.82,485.33,465.57847522719976,484.2803804439895
武威,107.5,109.22,109.02,109.9,112.02,114.0,115.5,111.72,116.54,118.21,121.01,121.14,131.3,128.45,105.17,107.59,134.57,122.11,140.99,146.79,149.01,151.87,153.41,151.28,151.9469545587996,157.52337315650382
西安,256.66,264.04,281.72,300.19,316.47,334.44,341.11,351.15,344.71,330.77,336.04,348.28,357.93,376.91,396.36,429.9,522.89,528.45,558.24,504.65,533.71,542.15,513.18,541.72,504.0619007135577,527.3107875982116
西宁,301.26,327.5,325.68,302.67,341.81,304.58,303.55,317.35,329.92,340.82,358.83,352.2,317.37,315.18,320.16,316.59,333.14,350.37,348.87,354.21,396.14,432.19,381.8,405.9,429.3869718626155,430.7113902098038
咸宁,112.62,111.55,114.71,115.84,116.75,123.84,127.93,131.17,128.97,135.29,130.45,137.77,137.29,140.02,148.8,165.47,157.09,173.89,170.47,192.18,191.11,202.52,189.82,192.45,205.2542813668467,219.285138329776
咸阳,100.61,99.87,102.34,106.85,109.09,112.3,114.39,119.98,120.19,117.75,140.12,149.23,139.21,142.27,156.96,173.1,185.43,203.86,219.8,207.35,211.23,201.1,189.99,189.94,179.90550964381248,184.30102581283646
湘潭,110.32,112.29,115.3,119.39,122.63,127.15,130.58,132.29,134.76,137.58,151.29,142.63,144.32,140.03,140.82,125.2,153.66,138.5,142.57,145.53,152.16,162.93,170.13,165.3,181.21245263157897,146.90177255890828
襄阳,179.37,181.6,190.45,196.64,200.69,210.77,219.88,225.93,242.68,247.0,244.73,235.49,248.01,250.42,265.74,277.38,274.0,277.44,274.51,261.35,281.36,271.81,273.82,276.33,281.57242543908086,222.23237504977862
孝感,117.82,109.43,109.76,112.07,118.91,124.87,122.36,131.51,127.05,131.0,148.88,152.89,133.2,138.22,135.06,139.52,165.26,184.33,166.99,153.55,180.44,177.68,175.63,168.96,191.36774245947274,188.89271965699692
忻州,105.78,102.06,104.33,103.65,102.66,107.15,103.95,106.09,107.55,105.7,109.33,107.11,114.15,100.0,107.51,101.81,115.26,116.07,112.45,110.38,115.84,131.08,135.52,125.41,123.80251014435436,121.08243331569096
新乡,113.18,114.8,116.48,120.89,126.95,138.88,142.55,148.11,159.99,167.04,167.86,158.76,168.29,169.22,174.02,184.02,180.51,195.7,197.21,187.73,208.76,187.69,188.33,198.8,206.73474714003945,189.80858526948228
新余,106.32,105.35,105.21,108.46,110.61,110.64,112.72,114.57,107.19,109.31,107.96,112.96,110.36,107.89,109.98,113.29,129.21,141.71,120.02,118.95,133.37,116.71,130.01,138.31,145.00556260064408,147.29068492960874
信阳,104.32,108.2,113.78,117.47,118.13,121.62,125.31,133.56,140.56,136.14,145.23,147.36,155.15,147.58,155.59,145.01,154.96,152.91,171.52,172.52,182.45,169.74,170.76,170.55,185.89083099117957,164.04782768121504
邢台,109.55,109.94,113.49,119.86,125.34,133.21,134.52,137.55,141.92,139.9,138.52,144.01,139.53,143.66,151.67,149.86,156.64,166.57,156.25,159.54,169.3,148.71,160.84,154.62,170.77044945454546,139.51163326807222
宿迁,221.5,225.27,232.02,240.96,250.19,262.99,279.08,278.43,285.37,293.42,297.82,295.09,296.23,296.93,318.3,328.78,332.22,344.99,361.56,368.65,368.93,378.24,368.82,365.74,393.3174955285604,396.82064966995085
宿州,113.04,117.42,118.24,118.25,120.02,124.24,125.01,129.39,115.49,119.44,130.42,131.9,123.36,118.44,120.48,122.3,137.79,125.2,134.04,135.22,138.5,137.23,132.12,132.79,150.36243522330773,111.1433062953695
徐州,249.57,254.72,261.78,280.85,295.67,299.3,318.84,328.69,330.7,335.82,323.66,323.6,315.15,292.49,324.02,344.02,377.28,329.62,418.59,359.39,393.57,413.5,363.32,408.33,416.5004891938696,414.6683828753323
许昌,120.46,119.71,127.45,134.22,142.24,152.37,154.99,153.4,157.55,166.34,157.38,151.83,155.55,151.9,165.96,152.76,162.9,167.57,174.84,169.95,181.06,171.54,172.85,165.21,189.5659194585181,194.71015644299408
宣城,111.72,112.12,116.81,121.13,124.57,123.39,128.51,127.78,138.46,145.67,136.11,141.38,144.73,141.7,145.12,146.61,156.99,155.29,156.1,156.01,156.22,162.44,159.85,159.2,171.17174869655892,169.64444678240258
雅安,108.19,110.97,109.53,113.88,116.16,122.01,126.83,126.04,127.83,128.67,121.17,119.54,143.91,141.52,135.77,149.35,152.14,121.32,134.66,144.22,91.38,113.71,147.88,164.55,126.44493100638329,124.8836363143502
烟台,192.78,196.14,192.91,196.18,199.4,207.55,208.51,209.88,209.36,217.83,223.74,239.67,223.26,212.45,232.56,208.54,234.94,269.9,284.25,227.2,253.85,285.1,226.42,258.8,286.9991797062752,281.63306123849594
延安,99.23,99.0,101.26,104.39,107.19,108.53,109.37,111.08,108.14,106.53,114.16,105.54,107.73,108.85,109.49,103.6,103.07,105.5,115.26,110.4,114.68,126.08,121.89,123.85,134.18122929372416,134.83318328916258
盐城,256.87,268.3,304.39,320.92,324.54,326.57,339.62,328.59,336.8,375.47,373.88,362.69,320.81,305.77,336.3,331.88,338.74,356.83,362.25,338.96,372.95,375.82,360.88,353.08,406.8453994330571,299.17757985428614
扬州,287.77,289.53,305.88,328.44,348.04,355.88,370.23,389.44,388.46,393.9,404.23,410.32,343.66,349.05,367.1,360.22,388.88,436.74,426.44,398.69,398.45,444.25,402.83,415.9,462.07961562667884,382.0894165780525
阳江,112.82,111.83,117.82,117.65,121.17,126.4,127.66,135.16,128.68,139.8,136.63,139.88,137.57,148.26,150.21,157.5,156.34,158.57,168.98,152.4,151.01,145.19,155.85,152.42,179.3752544890511,159.79101454023248
阳泉,115.48,114.26,111.51,106.63,108.04,118.91,118.36,120.78,117.76,114.84,108.73,109.16,122.05,119.93,125.8,110.89,118.55,121.43,128.36,139.72,118.11,120.1,128.63,128.85,134.73837162664023,134.06132010832636
伊春,108.62,110.46,118.94,115.97,115.96,113.59,112.69,116.01,112.5,123.84,127.88,132.35,125.33,121.65,109.72,85.83,92.52,112.09,116.52,74.45,167.25,121.24,140.87,145.57,144.61339714285708,150.9273213573979
宜宾,102.1,105.15,107.79,112.0,114.6,118.06,119.3,127.31,121.27,122.67,125.02,124.47,143.01,129.18,127.71,126.4,126.8,152.35,154.4,141.25,150.01,177.39,157.16,163.0,142.93616653776752,169.63331394085992
宜昌,170.84,174.75,180.59,182.47,184.77,190.29,198.94,199.61,201.99,210.47,212.07,224.04,213.7,218.68,226.37,232.32,249.72,258.21,268.57,249.76,269.69,238.59,237.59,213.86,237.19508410716446,189.57644887135564
宜春,118.85,118.41,119.56,125.69,128.23,136.85,132.52,134.55,131.19,132.63,160.48,150.21,146.51,152.82,153.95,153.83,173.57,183.38,177.2,171.17,180.98,177.09,161.63,173.67,168.84095135375054,166.00622777812123
益阳,118.43,113.92,120.81,124.5,124.72,132.62,139.3,137.1,148.71,158.45,159.41,161.98,153.25,168.69,164.33,169.03,192.94,175.41,203.42,193.61,188.46,200.13,221.68,205.46,218.2742062687093,233.06306407188708
银川,160.59,163.38,167.09,169.34,171.52,174.65,168.0,171.19,156.93,162.44,158.17,162.24,170.3,156.53,168.97,171.35,183.48,194.38,197.18,178.26,184.15,194.73,187.7,188.28,195.03941572173915,199.8300015727017
鹰潭,102.12,103.1,103.78,105.06,108.44,109.19,110.96,107.94,114.28,110.62,108.7,110.18,117.46,102.56,106.46,99.8,117.47,107.88,105.27,129.31,122.87,117.19,131.98,138.39,133.32188364611258,137.71680908154826
营口,111.1,116.17,116.56,119.57,117.0,121.61,121.63,124.77,117.19,120.52,119.38,121.46,123.35,122.21,123.21,120.14,124.32,121.42,126.7,120.74,123.46,147.33,162.19,138.5,143.10037021093413,143.31056569831043
永州,114.35,110.79,119.42,124.16,127.19,128.36,131.31,131.47,140.59,145.15,149.76,150.02,149.98,148.16,140.59,134.4,165.59,162.54,171.19,165.71,204.06,203.35,185.82,192.69,208.649633257002,195.9349398633392
榆林,107.64,111.22,113.94,116.56,116.61,122.88,124.05,115.9,120.75,124.07,129.91,124.21,125.21,129.83,146.55,165.22,128.76,153.93,134.81,130.84,135.62,124.15,140.85,135.5,132.62358899574335,138.02453411942844
玉林,107.4,104.24,110.32,111.02,109.5,112.03,110.41,108.99,112.33,114.54,119.29,119.66,118.26,119.64,121.15,124.94,126.64,129.59,133.09,141.55,133.13,136.29,141.31,135.74,150.02166223832532,149.33543376503852
玉溪,168.85,172.67,171.42,172.25,177.4,175.69,177.11,176.08,180.56,177.32,183.09,180.26,193.04,199.96,196.63,176.51,208.98,198.96,196.12,193.99,209.96,247.48,235.44,211.5,223.31234274898083,221.6366513754021
岳阳,258.68,260.95,274.98,275.69,283.86,309.79,311.78,325.55,353.85,364.67,341.77,367.83,337.9,350.28,372.73,387.36,382.13,365.36,406.78,401.45,386.52,436.72,381.06,346.27,425.1389902807074,427.83146209962007
云浮,111.18,114.43,117.28,118.95,117.75,122.92,123.47,126.59,126.1,132.01,140.52,132.2,135.58,137.64,132.36,148.63,150.91,141.0,150.09,154.67,153.41,140.42,157.33,155.45,151.25635063335673,153.3088606262611
枣庄,172.82,177.56,182.93,183.47,191.3,198.93,195.2,202.6,208.87,204.31,210.12,207.28,210.55,211.77,233.96,226.44,234.9,245.32,228.46,239.5,258.46,258.94,250.73,261.2,249.44019021322288,245.42763124738545
湛江,155.8,160.03,160.38,172.13,174.63,182.28,183.89,189.74,174.31,190.61,195.5,190.57,199.56,198.68,212.0,214.05,220.29,222.28,236.62,220.0,237.56,214.81,209.55,212.3,226.519276054184,178.746986272651
张家界,123.07,120.86,127.99,135.12,146.73,155.78,158.27,167.25,168.73,175.24,184.29,178.13,169.22,183.13,168.51,171.1,188.19,185.64,192.74,199.24,203.09,211.45,207.75,210.85,218.73656113042165,226.0439801745302
张家口,138.47,136.97,146.78,154.24,170.76,167.55,142.04,145.0,161.49,160.12,160.51,168.82,173.98,167.07,160.95,163.22,164.37,172.6,167.23,153.75,164.04,151.77,174.3,157.29,163.97265946535106,157.02917943288008
张掖,103.31,103.43,102.35,103.79,103.46,105.29,101.88,106.68,106.56,110.23,101.35,106.17,114.5,104.05,107.62,100.92,108.85,121.49,107.85,114.05,109.53,108.34,104.13,97.02,106.47141649681528,104.106591123124
漳州,136.38,142.57,160.81,182.76,180.5,179.01,178.83,189.18,178.67,177.7,179.91,177.91,185.77,181.46,187.35,186.4,186.97,190.33,192.52,185.79,183.15,176.25,177.59,193.59,185.48988194284888,167.32841596269728
长春,292.0,292.83,297.61,303.19,302.92,309.5,316.15,322.64,317.72,325.2,327.98,335.97,351.01,360.9,371.6,378.42,401.21,405.63,434.26,408.33,432.98,434.65,416.09,446.33,437.5012993572741,507.5777572199909
长沙,277.04,275.31,297.67,313.55,321.59,329.61,341.11,349.52,347.41,350.96,340.91,363.55,365.39,372.15,380.65,387.38,421.35,426.72,423.01,409.23,412.47,436.52,406.6,413.5,400.8527273509421,409.81850354112623
长治,140.98,143.36,143.43,145.95,147.62,151.04,151.07,152.41,153.79,157.52,154.2,157.55,143.03,126.05,108.52,132.66,121.45,121.43,169.92,174.22,176.43,181.11,173.43,160.03,182.79668406040267,191.16663557080275
昭通,102.57,105.59,106.01,108.55,117.07,116.98,116.69,120.86,127.57,128.33,128.27,131.25,135.5,136.15,113.1,115.05,150.9,149.51,141.66,171.02,117.18,160.4,172.87,159.64,169.53177410343525,168.61856214136347
肇庆,105.61,106.85,108.09,112.97,119.84,126.73,129.07,130.91,129.85,136.96,146.15,152.31,151.85,149.76,163.69,161.36,164.1,166.59,173.13,148.69,148.94,154.63,155.27,152.82,182.0726578457262,183.95663811394851
镇江,127.53,131.53,140.36,147.24,151.32,154.89,157.72,160.45,167.0,172.18,176.05,176.9,185.76,180.76,191.02,188.24,190.14,209.93,223.0,197.63,211.63,225.01,191.91,213.2,188.85349366630473,230.5000483669275
郑州,425.09,424.63,442.14,447.99,451.87,478.76,474.0,469.76,461.72,462.13,458.75,461.28,458.42,465.32,451.37,441.63,497.05,475.13,454.5,430.51,470.82,517.25,476.12,471.42,466.2071918011923,482.050010067267
中山,290.08,298.66,332.23,358.93,370.36,382.62,371.91,372.91,386.74,375.96,381.34,387.63,372.63,382.61,396.74,389.99,422.57,390.4,407.44,376.43,421.84,435.29,407.17,427.67,445.5173324030645,466.453398008548
中卫,106.15,106.84,103.61,103.77,103.87,102.92,102.7,101.12,100.8,105.04,102.28,104.86,105.74,105.76,92.57,99.24,105.03,107.82,121.1,102.43,90.51,105.18,107.12,109.08,108.17686756897447,105.05425688380585
重庆,286.05,289.25,318.57,337.5,354.0,367.32,373.24,371.3,372.12,347.26,374.79,393.29,382.38,386.67,393.73,397.78,451.25,519.18,523.4,480.07,504.48,494.22,455.61,488.58,447.9747464992334,452.1920520583032
舟山,100.96,104.45,105.2,106.13,110.12,115.85,118.9,119.99,129.51,124.94,119.1,127.49,132.25,141.15,140.58,159.49,155.59,153.54,171.06,161.88,159.72,145.31,125.63,136.93,151.78401636038268,151.4696646181507
周口,123.51,114.91,118.16,126.41,129.47,135.05,134.59,139.18,146.84,148.57,154.84,156.72,152.13,156.45,163.74,162.47,168.98,161.49,181.47,173.6,166.22,155.64,179.03,178.98,207.70863228084755,176.17875271507043
珠海,441.68,445.82,452.48,458.16,459.46,445.98,437.41,423.41,404.35,379.61,426.29,426.11,387.43,397.89,403.22,404.83,445.68,402.63,425.63,377.47,382.7,434.6,448.79,464.02,470.68650879378123,480.5594102749517
株洲,104.51,105.81,108.58,111.59,113.68,122.28,125.33,132.73,123.06,128.47,138.02,139.52,140.29,145.63,145.76,149.47,153.0,163.25,171.28,169.19,170.7,169.41,166.51,163.29,166.7914924157752,168.68244095496766
驻马店,103.68,106.27,112.22,116.02,117.12,118.85,120.85,123.35,127.74,137.91,130.47,130.81,143.49,136.83,142.33,151.28,164.51,172.02,175.23,181.23,186.99,148.97,188.95,187.27,180.39639514310497,107.53909954450693
资阳,112.07,115.67,117.7,125.46,132.3,140.52,135.53,159.99,152.39,153.38,158.22,191.69,163.99,172.41,173.84,173.39,207.77,201.3,209.78,168.72,152.4,201.83,178.57,171.5,184.86357661353958,132.8490722380116
淄博,216.4,222.54,223.76,229.76,236.43,243.49,240.59,249.35,255.52,268.78,280.37,295.46,277.94,288.23,292.65,285.18,305.19,335.36,345.68,308.67,323.08,330.19,294.69,304.06,333.56346882804434,387.91707420165034
自贡,102.75,104.26,105.49,109.13,111.5,113.22,112.43,121.62,116.92,123.88,121.49,127.51,124.51,129.32,132.48,137.53,154.81,161.05,156.33,162.34,162.92,146.48,161.03,165.45,157.007165776591,159.10928993029574
遵义,157.8,159.1,166.46,172.55,167.39,173.26,175.37,176.6,177.87,182.27,180.62,180.09,189.77,188.94,193.59,186.54,229.19,212.74,220.69,210.36,214.84,219.4,228.64,227.93,240.1955381274132,236.720039987306
