city,2017/01,2017/02,2017/03,2017/04,2017/05,2017/06,2017/07,2017/08,2017/09,2017/10,2017/11,2017/12,2018/01,2018/02,2018/03,2018/04,2018/05,2018/06,2018/07,2018/08,2018/09,2018/10,2018/11,2018/12,2019/01,2019/02,2019/03,2019/04
安康,4101.0,4089.0,4179.0,4288.0,4315.0,4333.0,4281.0,4191.0,4219.0,4269.0,4207.0,4635.0,4422.0,4476.0,4728.0,4274.0,4483.0,4562.0,4774.0,4670.0,4666.0,5099.0,4954.0,4995.0,5205,5232.0,5427.0,5457.0
安庆,5588.0,5698.0,6083.0,6584.0,6668.0,6868.0,6897.0,6747.0,7167.0,6936.0,7227.0,7419.0,6660.0,6946.0,7280.0,7381.0,7717.0,7777.0,8214.0,8514.0,9103.0,8315.0,8396.0,8324.0,9240,9000.0,9305.0,9171.0
安顺,3716.0,3729.0,3908.0,4028.0,3954.0,4104.0,4244.0,4427.0,4357.0,4354.0,4247.0,4476.0,4132.0,4520.0,4321.0,4298.0,4912.0,5065.0,5099.0,4871.0,5543.0,4659.0,5260.0,5477.0,5028,5229.0,5244.0,5325.0
安阳,3757.0,3729.0,3928.0,4063.0,4117.0,4233.0,4337.0,4431.0,4548.0,4765.0,4896.0,5153.0,5055.0,4785.0,5233.0,5450.0,5671.0,6077.0,5845.0,5707.0,5760.0,5136.0,5790.0,5537.0,6180,3730.0,5191.0,6090.0
鞍山,4173.0,4470.0,4419.0,4062.0,4252.0,4110.0,4231.0,4443.0,4026.0,4440.0,4775.0,4220.0,4278.0,4304.0,4425.0,4208.0,4459.0,4756.0,4268.0,4332.0,4512.0,4377.0,4525.0,4579.0,4767,4649.0,4908.0,4856.0
巴彦淖尔,4470.0,4613.0,4685.0,4673.0,4720.0,4812.0,4749.0,4832.0,5143.0,4803.0,4765.0,4770.0,4887.0,4761.0,5465.0,5240.0,4951.0,5171.0,5545.0,5365.0,5561.0,5407.0,5509.0,5547.0,5601,5382.0,6053.0,5871.0
巴中,4097.0,4159.0,4246.0,4244.0,4251.0,4285.0,4303.0,4262.0,4394.0,4536.0,4547.0,4518.0,4480.0,4473.0,4507.0,4212.0,4401.0,4676.0,5025.0,4541.0,4848.0,5085.0,4709.0,5248.0,5251,6588.0,4745.0,5139.0
白城,3851.0,3976.0,3994.0,4081.0,3957.0,4036.0,4185.0,4221.0,4208.0,4032.0,4388.0,4616.0,4694.0,4727.0,4289.0,4387.0,4632.0,4720.0,4818.0,4775.0,4410.0,4784.0,4817.0,4736.0,5106,3500.0,5073.0,5101.0
白山,3095.0,3281.0,3153.0,3324.0,3347.0,3369.0,3417.0,3399.0,3167.0,3106.0,3405.0,3488.0,3597.0,3385.0,3698.0,3192.0,3536.0,4180.0,3342.0,3596.0,4229.0,3620.0,3950.0,4045.0,3919,3871.0,3701.0,3860.0
白银,3971.0,4035.0,3999.0,4027.0,4266.0,4243.0,4322.0,4468.0,4224.0,4548.0,4408.0,4526.0,4471.0,4746.0,4605.0,4079.0,4384.0,4166.0,3605.0,4852.0,5145.0,5279.0,5049.0,5429.0,5456,5650.0,5869.0,5756.0
百色,3529.0,3830.0,3615.0,3676.0,3670.0,3701.0,3644.0,3681.0,3834.0,3850.0,3920.0,3747.0,3856.0,3662.0,3546.0,3472.0,4256.0,3827.0,4544.0,4070.0,4661.0,4007.0,3596.0,5324.0,4890,4536.0,4615.0,4538.0
蚌埠,5791.0,6342.0,6694.0,8123.0,7629.0,6893.0,7178.0,7200.0,6377.0,6210.0,7411.0,7068.0,6750.0,6728.0,6913.0,7161.0,7149.0,7105.0,7247.0,7277.0,7181.0,7198.0,7033.0,7271.0,7793,6897.0,7425.0,8005.0
包头,5821.0,5829.0,5814.0,6026.0,6151.0,6298.0,6326.0,6321.0,6205.0,6281.0,6538.0,6741.0,6677.0,6740.0,6611.0,7366.0,7298.0,6992.0,8195.0,7734.0,7483.0,7398.0,7383.0,7269.0,7553,6844.0,7008.0,7804.0
宝鸡,3900.0,3734.0,3788.0,3947.0,3930.0,4025.0,3939.0,4112.0,4182.0,4164.0,4738.0,4841.0,4281.0,4166.0,4560.0,4706.0,5020.0,5643.0,5155.0,5255.0,5130.0,5019.0,4987.0,5261.0,5220,5228.0,3956.0,5215.0
保定,9007.0,9793.0,9959.0,11650.0,11550.0,11342.0,11782.0,11164.0,13971.0,11365.0,13763.0,13510.0,11264.0,12020.0,11303.0,10740.0,10910.0,12075.0,12412.0,10884.0,11613.0,10243.0,10804.0,11553.0,12022,12078.0,11210.0,12210.0
保山,5700.0,6072.0,6021.0,5681.0,5680.0,5994.0,6047.0,6345.0,6141.0,6028.0,6008.0,6548.0,7075.0,7561.0,6044.0,6536.0,6638.0,6100.0,6020.0,6331.0,7959.0,8199.0,8384.0,8076.0,7114,7777.0,7572.0,6970.0
北海,4234.0,4229.0,4376.0,4623.0,4921.0,5138.0,5560.0,6108.0,5411.0,5653.0,5743.0,5706.0,5962.0,6012.0,5914.0,6664.0,7024.0,7094.0,7457.0,6782.0,7298.0,6927.0,6453.0,6584.0,7276,6168.0,7382.0,7280.0
北京,60486.0,61870.0,66117.0,69997.0,69408.0,68682.0,68825.0,67921.0,66889.0,64931.0,63379.0,62740.0,58906.0,55424.0,55119.0,60995.0,55351.0,59263.0,63178.0,51989.0,58219.0,61888.0,59270.0,65118.0,64663,65364.0,66476.0,64169.0
本溪,4456.0,4511.0,4549.0,4448.0,4416.0,4542.0,4479.0,4559.0,4434.0,4333.0,4589.0,4428.0,4369.0,4535.0,4667.0,4356.0,4063.0,3990.0,4265.0,4215.0,3792.0,4287.0,4428.0,4433.0,5074,3106.0,5136.0,5094.0
滨州,5648.0,5453.0,5558.0,5974.0,6113.0,6276.0,6344.0,6432.0,6669.0,6888.0,6862.0,6877.0,6908.0,6994.0,7229.0,7479.0,7450.0,7625.0,7712.0,8363.0,8743.0,7875.0,8137.0,8284.0,8124,7910.0,8282.0,8227.0
亳州,4834.0,4817.0,4975.0,5175.0,5363.0,5525.0,5637.0,5853.0,6134.0,6303.0,5792.0,6091.0,6100.0,5949.0,5718.0,5368.0,5917.0,6237.0,6372.0,6406.0,6720.0,6956.0,6700.0,6221.0,6624,6665.0,6225.0,6755.0
沧州,8037.0,8424.0,9083.0,10657.0,10986.0,10560.0,10731.0,10298.0,12475.0,11727.0,12999.0,12881.0,11078.0,11727.0,11436.0,11000.0,11414.0,11835.0,12724.0,11189.0,12020.0,9186.0,10090.0,9464.0,12059,11973.0,11085.0,12572.0
昌吉,4111.0,4195.0,4236.0,4146.0,4126.0,4182.0,4179.0,4245.0,4520.0,4424.0,4503.0,4472.0,4511.0,4291.0,4583.0,4520.0,4693.0,4946.0,4642.0,4702.0,4846.0,4965.0,4910.0,4950.0,5199,4945.0,4000.0,5588.0
常德,4673.0,4693.0,4705.0,4912.0,5014.0,5264.0,5378.0,5594.0,5914.0,6019.0,5724.0,5910.0,5408.0,5485.0,5905.0,5292.0,6831.0,6978.0,6923.0,6689.0,5791.0,5361.0,6076.0,5756.0,7440,7471.0,4476.0,7361.0
常州,8628.0,8946.0,9463.0,10026.0,10506.0,10946.0,11232.0,11588.0,11450.0,11785.0,11462.0,12020.0,12200.0,12482.0,12502.0,12712.0,12760.0,12468.0,14220.0,13885.0,14417.0,14786.0,13657.0,14183.0,14531,13868.0,14181.0,14844.0
朝阳,3791.0,3819.0,3847.0,3837.0,3865.0,3893.0,3844.0,3905.0,3993.0,3964.0,4161.0,3884.0,4302.0,4213.0,4214.0,4351.0,4280.0,4302.0,4444.0,4288.0,4385.0,4347.0,4390.0,4494.0,4518,4493.0,4537.0,4533.0
潮州,4821.0,4979.0,5110.0,5235.0,5275.0,5292.0,5234.0,5503.0,5676.0,5344.0,5556.0,5713.0,6114.0,5862.0,5922.0,5777.0,6445.0,5887.0,6427.0,6813.0,6687.0,6059.0,6893.0,6401.0,8014,7076.0,5470.0,6960.0
郴州,3769.0,3787.0,3873.0,3934.0,4178.0,4289.0,4362.0,4592.0,4519.0,4529.0,4697.0,4742.0,4550.0,4484.0,4564.0,4881.0,5304.0,5400.0,5556.0,5794.0,5864.0,6054.0,5842.0,6129.0,6174,6162.17,5705.0,6178.0
成都,10893.0,10858.0,11784.0,12439.0,12533.0,12793.0,13238.0,13447.0,13650.0,13518.0,15339.0,15996.0,15643.0,15906.0,16008.0,15284.0,16906.0,16760.0,16495.0,16442.0,16728.0,16452.0,15494.0,15124.0,15947,15506.0,16438.0,16364.0
承德,6733.0,7316.0,7779.0,8567.0,9011.0,9623.0,7916.0,8368.0,8847.0,9631.0,9227.0,8955.0,9842.0,9765.0,8921.0,8697.0,9286.0,9154.0,9093.0,9320.0,10628.0,9889.0,10171.0,9605.0,9984,8731.0,8406.0,10361.0
池州,5274.0,5347.0,5473.0,5526.0,5636.0,5927.0,5980.0,5919.0,6378.0,6768.0,6649.0,7134.0,6905.0,7052.0,7456.0,7718.0,7648.0,8000.0,7953.0,8231.0,8179.0,7921.0,8103.0,7637.0,8309,7912.0,7732.0,8382.0
赤峰,6187.0,6166.0,6447.0,6721.0,7018.0,7236.0,7146.0,7250.0,7042.0,7073.0,7076.0,7496.0,7424.0,7509.0,7357.0,7885.0,7995.0,7790.0,8543.0,8296.0,8696.0,8901.0,8456.0,8598.0,8621,8537.0,9151.0,8886.0
崇左,3133.0,3184.0,3164.0,3281.0,3106.0,3214.0,3267.0,3235.0,3133.0,3315.0,3253.0,3383.0,3614.0,2862.0,3248.0,3753.0,3988.0,3898.0,4115.0,4666.0,4182.0,3054.0,3738.0,3592.0,4494,4512.0,4402.0,4758.0
滁州,5391.0,5545.0,5732.0,5799.0,5958.0,6045.0,6120.0,5894.0,6375.0,6402.0,6457.0,6466.0,6234.0,6513.0,6338.0,5949.0,6341.0,6493.0,6372.0,6506.0,6569.0,6662.0,6772.0,6839.0,6736,7906.0,6540.0,6897.0
达州,4993.0,5025.0,5117.0,5093.0,5150.0,5354.0,5420.0,5488.0,5366.0,5462.0,5901.0,6417.0,5786.0,6068.0,4877.0,6062.0,6145.0,5796.0,7013.0,5927.0,5982.0,6742.0,6161.0,6774.0,7805,7858.0,5667.0,7318.0
大连,11400.0,11762.0,12070.0,12079.0,12305.0,12463.0,12759.0,12636.0,12162.0,11864.0,11537.0,12260.0,13524.0,13198.0,14108.0,13407.0,14913.0,15253.0,14895.0,12705.0,13431.0,14650.0,12907.0,14601.0,15444,15079.21,15512.0,15576.0
大庆,4887.0,5025.0,5074.0,5118.0,5195.0,5071.0,5139.0,4970.0,5240.0,5019.0,5026.0,5021.0,5183.0,5717.0,5594.0,5145.0,5349.0,5281.0,4580.0,5229.0,5276.0,5208.0,5391.0,5328.0,5602,1571.0,6518.0,5449.0
大同,4030.0,4202.0,4287.0,4314.0,4398.0,4546.0,4393.0,4517.0,4358.0,4362.0,4846.0,4921.0,4776.0,4639.0,4922.0,4180.0,4931.0,4443.0,4083.0,4674.0,4496.0,5272.0,4540.0,4429.0,5754,5819.0,5921.0,6228.0
丹东,5352.0,5594.0,5721.0,5592.0,5946.0,6005.0,5930.0,5866.0,5879.0,5440.0,5830.0,5797.0,5832.0,5968.0,5777.0,5682.0,5916.0,6165.0,6628.0,6455.0,6627.0,6008.0,6507.0,6535.0,6948,6946.0,6660.0,7145.0
德阳,3827.0,3967.0,4066.0,4159.0,4231.0,4504.0,4534.0,4634.0,4540.0,4619.0,5074.0,5092.0,5060.0,5402.0,5551.0,5700.0,5872.0,6495.0,6829.0,6297.0,6378.0,6510.0,6193.0,6001.0,6906,6363.0,6542.0,6482.0
德州,5277.0,5192.0,5493.0,5868.0,6165.0,6447.0,6452.0,6424.0,6842.0,6735.0,7173.0,6534.0,6960.0,7115.0,7501.0,7350.0,7644.0,8457.0,8028.0,8387.0,8220.0,7941.0,7914.0,7918.0,8709,8884.0,8424.0,8862.0
定西,4231.0,4253.0,4287.0,4347.0,4291.0,4399.0,4374.0,4469.0,4182.0,4350.0,4430.0,4404.0,4294.0,4504.0,4445.0,4443.0,4800.0,4892.0,5098.0,4907.0,4998.0,4205.0,5085.0,5030.0,5400,5297.0,5264.0,5248.0
东莞,13470.0,12908.0,13985.0,14165.0,14709.0,15721.0,14738.0,14656.0,15074.0,14417.0,14740.0,14856.0,14881.0,14443.0,15617.0,15980.0,16641.0,17437.0,16953.0,17095.0,16929.0,17700.0,16921.0,17771.0,17943,17930.59,17840.0,17796.0
东营,6202.0,6214.0,6080.0,5932.0,5653.0,5589.0,5973.0,5838.0,6010.0,5909.0,6113.0,6474.0,6859.0,6738.0,6783.0,6613.0,7147.0,7024.0,7569.0,6741.0,7012.0,6825.0,7149.0,7068.0,8067,7584.0,8047.0,8052.0
鄂尔多斯,4546.0,4428.0,4685.0,4800.0,5361.0,4797.0,4704.0,5292.0,5501.0,5254.0,4577.0,5467.0,5495.0,5197.0,6112.0,5397.0,5405.0,4571.0,4631.0,4756.0,5255.0,5859.0,5923.0,5909.0,6456,6049.0,4028.0,6521.0
鄂州,3755.0,3864.0,4006.0,4335.0,4485.0,4960.0,5023.0,4886.0,5508.0,5724.0,5605.0,6197.0,5893.0,6569.0,6508.0,5994.0,6734.0,6038.0,6290.0,6730.0,6497.0,6592.0,6870.0,6305.0,6375,6789.0,6670.0,6613.0
防城港,3757.0,3623.0,3922.0,3987.0,4056.0,4179.0,4394.0,4252.0,4495.0,4377.0,4283.0,4398.0,4470.0,5075.0,5254.0,5170.0,5971.0,5669.0,6451.0,6089.0,5745.0,6630.0,6234.0,6126.0,6554,6150.0,6206.0,6503.0
佛山,10407.0,10507.0,11588.0,12410.0,13302.0,13260.0,13453.0,13818.0,13770.0,12697.0,13604.0,13372.0,12816.0,12978.0,13074.0,13554.0,12867.0,13748.0,13833.0,13680.0,13975.0,15246.0,14374.0,15861.0,12538,17459.0,15744.0,12583.0
福州,19956.0,20491.0,22037.0,23047.0,24614.0,25256.0,25590.0,26346.0,26239.0,24394.0,26560.0,26741.0,22586.0,23639.0,24160.0,24409.0,24406.0,24742.0,26625.0,23223.0,24278.0,24993.0,24105.0,23028.0,28919,29383.0,23620.0,28664.0
抚顺,4111.0,4110.0,4116.0,4385.0,4332.0,4388.0,4350.0,4311.0,4056.0,4094.0,4142.0,4406.0,4524.0,4407.0,5182.0,4003.0,4586.0,3629.0,3581.0,3908.0,4570.0,5036.0,4476.0,4875.0,4569,4632.0,3969.0,4829.0
抚州,4969.0,4946.0,5109.0,5164.0,5265.0,5517.0,5615.0,5760.0,6043.0,6256.0,6255.0,6248.0,6167.0,6459.0,6747.0,6478.0,6589.0,7110.0,7121.0,7075.0,7445.0,7903.0,7543.0,7853.0,6959,7471.0,7035.0,7777.0
阜新,3599.0,3725.0,3743.0,3705.0,3703.0,3681.0,3701.0,3573.0,3474.0,3465.0,3441.0,3599.0,3847.0,3647.0,3869.0,3233.0,3453.0,3925.0,2940.0,3321.0,3602.0,3573.0,3539.0,3589.0,3803,3853.0,3698.0,3776.0
阜阳,6789.0,6959.0,7200.0,7424.0,7869.0,8139.0,7962.0,8128.0,8517.0,8883.0,8623.0,8558.0,8707.0,8608.0,8880.0,8880.0,9087.0,9272.0,8947.0,9155.0,9395.0,8297.0,8718.0,8452.0,9900,7099.0,6236.0,9374.0
赣州,7535.0,7630.0,7922.0,8336.0,8918.0,9297.0,9015.0,8805.0,9280.0,9369.0,9511.0,9556.0,7378.0,7280.0,7511.0,7684.0,7757.0,7835.0,8179.0,7721.0,8283.0,8700.0,7992.0,8125.0,9460,9895.0,8357.0,9889.0
固原,3731.0,3736.0,3777.0,3821.0,3857.0,3826.0,3842.0,3854.0,3959.0,4086.0,4110.0,4066.0,4021.0,4034.0,3589.0,3683.0,4293.0,3921.0,4425.0,4211.0,4359.0,3990.0,4255.0,4182.0,4301,4311.13,4294.0,4379.0
广安,4685.0,4532.0,4705.0,4674.0,4689.0,4774.0,4745.0,4935.0,5093.0,5307.0,4999.0,5426.0,4858.0,4991.0,4875.0,5136.0,5052.0,5533.0,5335.0,5115.0,5489.0,5852.0,5480.0,5452.0,5612,5702.0,5763.0,5747.0
广元,4620.0,4543.0,4676.0,4539.0,4673.0,4824.0,4813.0,4673.0,4924.0,5037.0,5024.0,5025.0,5135.0,5181.0,4671.0,5288.0,5509.0,5950.0,8003.0,6156.0,4854.0,5225.0,6393.0,6822.0,6566,6685.0,6696.0,6489.0
广州,25681.0,25816.0,27737.0,28343.0,29007.0,29378.0,29380.0,30068.0,31026.0,30621.0,30859.0,29177.0,33406.0,34373.0,33293.0,32784.0,34613.0,35822.0,36075.0,34406.0,37600.0,38328.0,38747.0,39409.0,33790,33394.16,37831.0,33231.0
贵港,4312.0,4367.0,4377.0,4447.0,4443.0,4457.0,4513.0,4639.0,4675.0,4805.0,4878.0,5082.0,4861.0,5148.0,5039.0,5293.0,5596.0,5505.0,5841.0,5985.0,6471.0,6192.0,6126.0,6317.0,6386,6163.0,8092.0,6547.0
贵阳,6565.0,6568.0,6651.0,6775.0,6955.0,7170.0,7314.0,7331.0,7523.0,7856.0,7895.0,8137.0,7042.0,7521.0,8065.0,8523.0,9083.0,9577.0,9848.0,9468.0,9547.0,9871.0,9430.0,9592.0,10272,10041.0,9507.0,10122.0
桂林,6112.0,6059.0,5782.0,6510.0,6041.0,6371.0,6164.0,6382.0,6240.0,6346.0,6071.0,6260.0,6356.0,6128.0,6518.0,6670.0,6470.0,7057.0,7425.0,7261.0,7419.0,7341.0,6943.0,6823.0,7300,9095.0,7611.0,7343.0
哈尔滨,7871.0,8011.0,8152.0,8243.0,8337.0,8383.0,8721.0,9079.0,8529.0,8670.0,9050.0,8838.0,9456.0,9531.0,9478.0,9205.0,9364.0,9921.0,10102.0,10163.0,10422.0,10133.0,10227.0,9273.0,10537,9194.0,9707.0,10753.0
海口,8262.0,8351.0,9048.0,9816.0,10338.0,10474.0,11165.0,11665.0,11331.0,12213.0,12805.0,12517.0,12707.0,13018.0,13229.0,14251.0,15636.0,15269.0,16425.0,16285.0,16767.0,16166.0,15649.0,16393.0,15845,14984.0,15532.0,15431.0
邯郸,6195.0,6334.0,6553.0,6675.0,6932.0,7203.0,7370.0,7465.0,7532.0,7989.0,8199.0,8084.0,7637.0,8332.0,8389.0,8768.0,8553.0,8487.0,8672.0,9056.0,9205.0,8787.0,8569.0,8702.0,9558,6838.0,6043.0,9551.0
汉中,3414.0,3393.0,3417.0,3476.0,3559.0,3673.0,3712.0,3552.0,3713.0,3711.0,3862.0,4020.0,3738.0,3848.0,3831.0,4181.0,4480.0,4620.0,4679.0,4365.0,4392.0,4829.0,5608.0,4935.0,4963,5143.0,4932.0,5131.0
杭州,22185.0,23755.0,24712.0,25508.0,26063.0,27257.0,27625.0,28340.0,29044.0,28795.0,29407.0,28337.0,32394.0,34898.0,32172.0,29300.0,29991.0,34158.0,34224.0,32226.0,31424.0,36224.0,32407.0,34521.0,31950,32594.89,36420.0,32446.0
合肥,15366.0,15534.0,15722.0,15609.0,15561.0,14979.0,14953.0,14929.0,15077.0,14781.0,14580.0,14479.0,15084.0,14860.0,14841.0,14502.0,14694.0,15615.0,15560.0,14690.0,15328.0,16345.0,15828.0,15880.0,15959,15991.08,16353.0,16263.0
河池,3920.0,3834.0,3870.0,3932.0,3843.0,3941.0,4044.0,4186.0,4091.0,4082.0,4067.0,3975.0,4145.0,4034.0,3869.0,3824.0,4291.0,3918.0,3736.0,4287.0,4239.0,4194.0,3875.0,4550.0,4514,3412.0,3414.0,4619.0
河源,4905.0,4635.0,4825.0,5118.0,5309.0,5629.0,5879.0,5914.0,6101.0,6580.0,6141.0,6348.0,6117.0,7146.0,6477.0,6185.0,6673.0,6913.0,6935.0,6745.0,6921.0,6652.0,6811.0,6246.0,7105,6078.0,6743.0,6856.0
贺州,4149.0,4746.0,4671.0,4513.0,4512.0,4774.0,4555.0,4773.0,4649.0,4451.0,5050.0,4776.0,4294.0,5774.0,4411.0,5078.0,5541.0,4973.0,5448.0,4274.0,4349.0,5339.0,5439.0,6115.0,6109,5950.0,6103.0,6175.0
鹤壁,4528.0,4259.0,4601.0,4675.0,4812.0,5031.0,5021.0,5147.0,5383.0,5630.0,5649.0,5189.0,5472.0,5353.0,4803.0,5127.0,5256.0,5692.0,5677.0,5850.0,5730.0,5933.0,6360.0,6561.0,6718,6568.0,6714.0,6918.0
鹤岗,2327.0,2442.0,2369.0,2262.0,2234.0,2239.0,2260.0,2204.0,2083.0,2160.0,2191.0,2356.0,2665.0,2362.0,3210.0,2169.0,2194.0,2392.0,3098.0,2531.0,2013.0,2656.0,2399.0,2537.0,2102,2224.0,2161.0,2230.0
黑河,3287.0,3358.0,3430.0,3361.0,3504.0,3512.0,3505.0,3474.0,3485.0,3816.0,3526.0,3515.0,4156.0,3901.0,3327.0,3342.0,3339.0,4173.0,2536.0,2919.0,2984.0,3603.0,3069.0,2725.0,3910,3734.0,3728.0,3910.0
衡水,5280.0,5362.0,6025.0,6922.0,7920.0,7955.0,7556.0,7750.0,8034.0,8242.0,8227.0,7660.0,8034.0,8103.0,8311.0,8375.0,8236.0,8314.0,8543.0,8130.0,8506.0,6539.0,7964.0,6797.0,8520,6754.0,7065.0,8346.0
衡阳,3637.0,3640.0,3609.0,3804.0,3783.0,3955.0,3943.0,4106.0,4554.0,4412.0,4735.0,4603.0,5089.0,4950.0,5458.0,5785.0,6152.0,6340.0,5949.0,5650.0,5910.0,5805.0,5776.0,5566.0,5666,5150.0,5743.0,5492.0
呼和浩特,6834.0,6902.0,7338.0,7400.0,7458.0,7768.0,7731.0,7813.0,7837.0,7894.0,7932.0,8614.0,7884.0,9181.0,8723.0,9240.0,8976.0,9873.0,11367.0,10491.0,10404.0,11182.0,10099.0,11596.0,11860,11374.0,10742.0,11596.0
呼伦贝尔,3521.0,3446.0,4016.0,3870.0,3821.0,4041.0,3902.0,3793.0,3982.0,4020.0,4094.0,4269.0,4382.0,4281.0,3973.0,4033.0,4192.0,4093.0,3989.0,3967.0,3838.0,3902.0,4093.0,4295.0,4410,3688.0,4295.0,4583.0
葫芦岛,4610.0,4432.0,4628.0,4780.0,4832.0,4856.0,4805.0,4840.0,4789.0,4884.0,4968.0,4753.0,4880.0,4685.0,4974.0,5284.0,5365.0,5143.0,5346.0,5456.0,5370.0,5457.0,5383.0,5338.0,5231,5160.01,5452.0,5103.0
湖州,8066.0,8313.0,8429.0,8774.0,8824.0,8945.0,9069.0,9389.0,9518.0,11083.0,9664.0,9180.0,12158.0,12636.0,11926.0,11101.0,10439.0,13280.0,14160.0,13455.0,14054.0,13140.0,12371.0,13786.0,13062,12838.0,14208.0,11810.0
怀化,3919.0,3829.0,3954.0,4088.0,4135.0,4214.0,4342.0,4665.0,4918.0,4973.0,4684.0,4680.0,4872.0,4997.0,4701.0,4734.0,5115.0,5207.0,5833.0,5200.0,6007.0,6209.0,5894.0,5854.0,5795,5818.0,5460.0,5879.0
淮安,6461.0,6876.0,6941.0,7154.0,7364.0,7486.0,7537.0,7343.0,7916.0,8083.0,8067.0,7888.0,8168.0,8119.0,8557.0,8489.0,8537.0,9259.0,9181.0,9005.0,9955.0,9000.0,9130.0,9239.0,10045,9538.05,9373.0,9363.0
淮北,5005.0,4985.0,4946.0,5012.0,5043.0,5277.0,5204.0,5304.0,5291.0,5356.0,5378.0,5288.0,5380.0,5412.0,5554.0,5308.0,5625.0,5696.0,6099.0,6095.0,6015.0,6312.0,5895.0,6100.0,6890,6974.0,6520.0,7150.0
淮南,4625.0,4591.0,4805.0,4910.0,4997.0,5171.0,5186.0,5102.0,5198.0,5312.0,5222.0,5387.0,5602.0,5772.0,5740.0,5724.0,6211.0,6132.0,6087.0,6296.0,6290.0,5405.0,5928.0,5253.0,5975,4369.0,5145.0,6095.0
黄冈,3543.0,3540.0,3774.0,3661.0,3750.0,3811.0,3934.0,3980.0,4160.0,4396.0,4250.0,4137.0,4137.0,4110.0,4260.0,5195.0,5415.0,5461.0,6047.0,4619.0,5112.0,5217.0,5212.0,5344.0,6143,6323.0,6316.0,6279.0
黄山,5983.0,6099.0,6518.0,7020.0,7143.0,7625.0,7658.0,7763.0,7782.0,7383.0,7743.0,7737.0,7382.0,7647.0,7967.0,8571.0,7730.0,9917.0,10635.0,8942.0,9763.0,8027.0,8110.0,7690.0,9481,6952.0,8325.0,9703.0
黄石,4933.0,4816.0,4803.0,4961.0,5136.0,5232.0,5276.0,5251.0,5575.0,5228.0,5858.0,5824.0,5763.0,5782.0,6177.0,6106.0,6572.0,5974.0,6483.0,5332.0,6635.0,6427.0,6268.0,6242.0,7182,7129.0,6194.0,7084.0
惠州,8489.0,8700.0,8998.0,9106.0,9241.0,9347.0,9609.0,9774.0,9842.0,9632.0,9792.0,10138.0,9897.0,10242.0,10475.0,10768.0,10704.0,10756.0,11057.0,10766.0,10661.0,11202.0,10857.0,11158.0,10914,10623.0,11171.0,10685.0
鸡西,3216.0,3151.0,3111.0,3090.0,3102.0,3279.0,3249.0,3275.0,3066.0,3027.0,3153.0,3238.0,4070.0,3662.0,3652.0,3228.0,3375.0,3976.0,4109.0,3473.0,3300.0,3206.0,3521.0,3535.0,3637,3590.0,3881.0,3654.0
吉安,5022.0,5141.0,5196.0,5471.0,5674.0,5871.0,6096.0,6161.0,6410.0,6884.0,6768.0,7010.0,6819.0,7081.0,6849.0,7237.0,7612.0,8147.0,8029.0,7441.0,8201.0,7822.0,7659.0,7453.0,8378,8337.0,8312.0,8142.0
吉林,5558.0,5711.0,5844.0,6124.0,6104.0,6215.0,6241.0,6261.0,5698.0,6011.0,6070.0,6461.0,6036.0,5877.0,5932.0,6299.0,6250.0,6258.0,6760.0,6632.0,6887.0,7183.0,6877.0,7321.0,6798,6599.0,7152.0,6937.0
济南,14878.0,15181.0,16251.0,17166.0,17524.0,18221.0,18445.0,18768.0,18863.0,16872.0,18619.0,17662.0,18648.0,19592.0,19154.0,18083.0,18705.0,18235.0,19513.0,18030.0,19028.0,20182.0,18287.0,18976.0,19280,19426.0,18463.0,19011.0
济宁,6261.0,6218.0,6766.0,6790.0,6828.0,7056.0,6935.0,6897.0,7058.0,7362.0,7355.0,7355.0,6549.0,6621.0,6880.0,6587.0,7182.0,7453.0,7735.0,7484.0,7990.0,7713.0,8044.0,7631.0,8153,7275.0,7526.0,8540.0
佳木斯,3559.0,3623.0,3698.0,3664.0,3751.0,3758.0,3737.0,3800.0,3846.0,3810.0,3680.0,3770.0,3790.0,3897.0,4165.0,3676.0,3821.0,3643.0,3659.0,3825.0,3967.0,3313.0,3817.0,4584.0,4460,4561.0,4131.0,4333.0
嘉兴,9069.0,9248.0,9689.0,10075.0,10813.0,11307.0,11338.0,11217.0,12574.0,12371.0,13383.0,13487.0,11118.0,11069.0,11135.0,10464.0,10972.0,10969.0,11327.0,11923.0,10963.0,12882.0,12989.0,13691.0,14884,13916.26,14021.0,14230.0
嘉峪关,3264.0,3263.0,3317.0,3300.0,3354.0,3353.0,3353.0,3331.0,3347.0,3441.0,3367.0,3370.0,3364.0,3290.0,3316.0,2831.0,3562.0,4347.0,3500.0,4398.0,3946.0,3465.0,3660.0,4149.0,3889,3940.0,3959.0,3923.0
江门,5226.0,5441.0,5685.0,5941.0,5938.0,6066.0,6268.0,6297.0,6686.0,7349.0,8699.0,8652.0,7305.0,7595.0,8145.0,7989.0,8106.0,8055.0,9276.0,7636.0,8506.0,8087.0,7988.0,8184.0,9225,11019.0,9402.0,9741.0
焦作,4165.0,4039.0,3968.0,4073.0,4030.0,4252.0,4192.0,4515.0,4570.0,4974.0,5005.0,4590.0,4721.0,4669.0,4869.0,4870.0,4979.0,4880.0,4845.0,5153.0,5549.0,4789.0,5478.0,5487.0,5961,6050.0,2777.0,5805.0
揭阳,5015.0,5096.0,5192.0,5203.0,5411.0,5380.0,5588.0,5586.0,5557.0,5692.0,6099.0,5701.0,5765.0,6152.0,6125.0,6290.0,6494.0,5932.0,4588.0,5541.0,6613.0,6218.0,6609.0,6236.0,7392,7378.0,7277.0,7267.0
金昌,3184.0,3085.0,3167.0,3150.0,3232.0,3143.0,3074.0,3043.0,3101.0,3360.0,3454.0,3773.0,3552.0,2987.0,3106.0,2534.0,3318.0,3263.0,2458.0,3454.0,3988.0,3565.0,3829.0,3649.0,3280,3357.0,3339.0,3509.0
金华,11644.0,11320.0,11858.0,12233.0,12758.0,13472.0,13721.0,13662.0,14189.0,14459.0,15413.0,13966.0,13855.0,13558.0,13423.0,13886.0,15322.0,16585.0,17138.0,15102.0,16388.0,17048.0,15906.0,16586.0,17882,16164.0,16687.0,16832.0
锦州,4964.0,4928.0,5331.0,5143.0,5085.0,5436.0,5032.0,5236.0,4990.0,5336.0,5159.0,5435.0,5342.0,4963.0,4944.0,5006.0,5251.0,5190.0,6033.0,5666.0,6219.0,5698.0,5912.0,6019.0,5866,5135.0,5794.0,5745.0
晋城,5814.0,5751.0,5847.0,5982.0,5819.0,5993.0,6002.0,5901.0,5708.0,6080.0,6132.0,6081.0,6056.0,6440.0,6177.0,6048.0,6408.0,6355.0,6743.0,6896.0,7022.0,6643.0,7010.0,6707.0,7245,7321.0,6870.0,7553.0
晋中,4973.0,4864.0,4928.0,5059.0,5051.0,5101.0,5162.0,5143.0,5219.0,5341.0,5435.0,5654.0,5601.0,5343.0,5399.0,5591.0,6346.0,6765.0,6890.0,7139.0,7388.0,7375.0,7512.0,7327.0,7382,7483.0,7182.0,7625.0
荆门,3458.0,3320.0,3451.0,3591.0,3527.0,3720.0,3785.0,3918.0,3657.0,3936.0,3879.0,4051.0,3640.0,4125.0,3242.0,3779.0,4047.0,4360.0,4938.0,4512.0,4793.0,4778.0,4358.0,4392.0,5110,5076.0,5180.0,5046.0
荆州,4982.0,5009.0,5128.0,5336.0,5673.0,5984.0,6054.0,5926.0,6328.0,6492.0,6293.0,6344.0,6106.0,5897.0,6394.0,6684.0,6873.0,6596.0,7460.0,6658.0,6394.0,6065.0,6091.0,5922.0,7382,7146.0,6763.0,6781.0
景德镇,3920.0,4035.0,4121.0,4415.0,4655.0,5111.0,5246.0,5427.0,5612.0,5818.0,5542.0,5633.0,6021.0,6158.0,6230.0,6402.0,6521.0,6751.0,6602.0,6424.0,6588.0,6799.0,6527.0,6368.0,6358,6484.0,6427.0,6319.0
九江,5570.0,5707.0,5928.0,6269.0,6465.0,6390.0,6448.0,6551.0,6362.0,6454.0,6604.0,7081.0,6232.0,6275.0,6842.0,6731.0,6704.0,7121.0,7418.0,7052.0,7114.0,6595.0,6820.0,6320.0,7364,3066.0,5895.0,7703.0
酒泉,4758.0,4724.0,4749.0,4829.0,4835.0,4838.0,4791.0,4664.0,4872.0,4890.0,4688.0,4748.0,5080.0,4890.0,4169.0,4696.0,4864.0,5133.0,5056.0,4734.0,4264.0,5047.0,4775.0,5164.0,5078,5165.0,5073.0,5119.0
喀什,3748.0,3572.0,3589.0,3575.0,3711.0,3615.0,3530.0,3626.0,3686.0,3729.0,3543.0,4098.0,4232.0,3879.0,4073.0,4197.0,4070.0,4368.0,3589.0,4790.0,4729.0,4868.0,4408.0,4729.0,4713,4773.0,4666.0,4772.0
开封,5214.0,5078.0,5400.0,5810.0,6043.0,6342.0,6338.0,6582.0,6589.0,6451.0,6986.0,6492.0,6377.0,6839.0,6683.0,6633.0,6915.0,7984.0,8169.0,7850.0,8277.0,7567.0,7523.0,7468.0,8267,5450.0,6674.0,7998.0
克拉玛依,4399.0,4249.0,4239.0,4244.0,4311.0,4212.0,4285.0,3983.0,4281.0,4271.0,4214.0,4245.0,4694.0,4300.0,4558.0,4332.0,4270.0,4208.0,3999.0,4356.0,4280.0,4396.0,4365.0,4320.0,4306,4188.1,4900.0,4468.0
昆明,9062.0,9071.0,9346.0,9276.0,9550.0,9727.0,9928.0,10055.0,9300.0,9898.0,10047.0,10245.0,10272.0,10524.0,10932.0,11577.0,12693.0,12674.0,13172.0,12086.0,12616.0,13304.0,12673.0,13035.0,12953,12972.11,13476.0,13111.0
拉萨,8152.0,8305.0,8204.0,8397.0,8318.0,8253.0,8251.0,8234.0,8344.0,7873.0,8258.0,8213.0,9023.0,9837.0,9082.0,8988.0,9510.0,9499.0,10411.0,10207.0,10712.0,10139.0,10480.0,10035.0,10840,10689.0,10548.0,11068.0
来宾,2964.0,3053.0,2915.0,3085.0,3123.0,3104.0,3225.0,3226.0,3198.0,3260.0,3286.0,3351.0,3472.0,3693.0,3175.0,3031.0,3976.0,3986.0,2906.0,3893.0,3306.0,3620.0,4085.0,4146.0,4269,4526.0,4464.0,4475.0
莱芜,4805.0,4859.0,4909.0,4926.0,4951.0,4921.0,4936.0,4913.0,4899.0,4884.0,4887.0,5112.0,5178.0,5026.0,5510.0,6083.0,5873.0,6492.0,6765.0,6867.0,6958.0,7028.0,6804.0,6863.0,7082,6414.0,6965.0,7059.0
兰州,9440.0,9512.0,9574.0,9714.0,9928.0,9997.0,10252.0,10268.0,9847.0,9995.0,10045.0,10188.0,10271.0,10351.0,10214.0,9951.0,10897.0,10707.0,10808.0,11014.0,11427.0,11578.0,11500.0,11759.0,11853,11943.0,11625.0,12166.0
廊坊,18735.0,18944.0,20848.0,21957.0,22186.0,20517.0,20196.0,18688.0,17357.0,17385.0,16222.0,16441.0,15400.0,15877.0,15469.0,14760.0,15033.0,14744.0,14931.0,14339.0,14660.0,12945.0,14704.0,13796.0,14759,14470.48,14579.0,14977.0
乐山,3845.0,3670.0,3832.0,3881.0,3856.0,4176.0,4147.0,4119.0,4452.0,4742.0,4619.0,4967.0,4896.0,4764.0,5396.0,5591.0,7080.0,8017.0,7673.0,6913.0,7271.0,6081.0,5991.0,5778.0,5694,5529.0,3289.0,5708.0
丽江,5180.0,5263.0,5196.0,5199.0,5200.0,5591.0,5613.0,5895.0,5823.0,5860.0,6298.0,6680.0,5307.0,5685.0,5524.0,5566.0,6135.0,6799.0,6951.0,6286.0,6322.0,7434.0,6965.0,7117.0,8110,7828.0,5338.0,8208.0
丽水,13515.0,13257.0,13139.0,13435.0,13835.0,14286.0,14837.0,14458.0,15443.0,15681.0,15263.0,16211.0,17058.0,16548.0,17187.0,17501.0,15791.0,13590.0,17762.0,15918.0,18480.0,20708.0,18642.0,18143.0,20897,20724.0,20742.0,20471.0
连云港,6344.0,5974.0,6345.0,8272.0,8129.0,8377.0,9917.0,11185.0,9720.0,10624.0,9864.0,8738.0,7718.0,8202.0,8732.0,8038.0,8339.0,9108.0,10072.0,9042.0,9778.0,8818.0,9485.0,9703.0,10329,7431.0,7640.0,9744.0
辽阳,4246.0,4244.0,4200.0,4244.0,4142.0,4299.0,4366.0,4260.0,4340.0,4364.0,4389.0,4391.0,5044.0,4451.0,4637.0,4679.0,4639.0,4576.0,4827.0,4646.0,4694.0,4562.0,4650.0,4620.0,4570,4608.0,4279.0,4655.0
辽源,3742.0,3621.0,3688.0,3712.0,3666.0,3740.0,3746.0,3753.0,3646.0,3927.0,3822.0,3862.0,3998.0,4001.0,3367.0,3261.0,4001.0,4145.0,4507.0,3648.0,2892.0,4080.0,4405.0,4360.0,3972,3950.0,4849.0,4021.0
聊城,5490.0,5519.0,5730.0,6112.0,6360.0,6537.0,6810.0,6808.0,7085.0,7055.0,7265.0,7352.0,7555.0,7210.0,7839.0,8099.0,8800.0,9356.0,9514.0,8906.0,9258.0,8338.0,8001.0,7877.0,9840,9181.0,8453.0,10005.0
临沧,4438.0,4391.0,4524.0,4798.0,4762.0,4942.0,5057.0,5051.0,5371.0,5362.0,5431.0,5839.0,5864.0,6301.0,5779.0,5982.0,5986.0,4271.0,3956.0,5418.0,6476.0,6113.0,5512.0,7130.0,7018,7085.0,7005.0,7078.0
临汾,4448.0,4495.0,4469.0,4589.0,4524.0,4570.0,4402.0,4569.0,4329.0,4681.0,4550.0,4662.0,4941.0,4461.0,4546.0,4223.0,4415.0,4289.0,4368.0,5118.0,5404.0,5063.0,5358.0,5490.0,5313,5369.0,5203.0,5386.0
临沂,4765.0,4530.0,4881.0,5470.0,6483.0,6799.0,6849.0,6792.0,6582.0,6633.0,7371.0,7221.0,5622.0,5865.0,5994.0,5809.0,6128.0,6703.0,6816.0,6935.0,7052.0,7051.0,7151.0,7097.0,8428,6801.0,9509.0,9068.0
柳州,7529.0,7527.0,7591.0,7891.0,8018.0,8081.0,8196.0,8350.0,7955.0,8356.0,8607.0,8278.0,8332.0,8241.0,9318.0,8859.0,9075.0,8873.0,9621.0,9876.0,9754.0,9445.0,9487.0,9179.0,9018,8885.0,9795.0,9214.0
六安,5789.0,5863.0,6167.0,6533.0,6778.0,6886.0,6882.0,7029.0,7420.0,7402.0,7108.0,6889.0,7079.0,7055.0,7295.0,6919.0,7035.0,7260.0,7348.0,7481.0,7509.0,7445.0,7535.0,7154.0,7422,7272.0,7176.0,7339.0
六盘水,3482.0,3537.0,3554.0,3676.0,3609.0,3640.0,3629.0,3686.0,3740.0,3891.0,3889.0,4119.0,3947.0,3807.0,3970.0,3677.0,4286.0,4018.0,4276.0,4582.0,4258.0,3912.0,4382.0,5044.0,4891,5162.0,4499.0,5080.0
龙岩,8216.0,8413.0,8723.0,8961.0,9264.0,9423.0,9490.0,9637.0,9857.0,10037.0,9816.0,10235.0,10341.0,10160.0,10883.0,10208.0,10054.0,11035.0,11288.0,11364.0,11465.0,11172.0,10566.0,10745.0,10732,10808.34,10660.0,10672.0
陇南,5179.0,5142.0,5508.0,5689.0,5730.0,5694.0,5746.0,5842.0,6189.0,6148.0,6290.0,6608.0,6432.0,6550.0,6312.0,5955.0,6880.0,7777.0,7474.0,3367.0,4246.0,5677.0,6586.0,6959.0,7294,7155.06,7359.0,7305.0
娄底,3421.0,3465.0,3457.0,3510.0,3605.0,3678.0,3759.0,3878.0,3811.0,4004.0,4097.0,4182.0,4039.0,4144.0,4107.0,3820.0,4304.0,4559.0,4630.0,4624.0,5014.0,5056.0,4935.0,5147.0,5498,5498.0,7249.0,5357.0
泸州,6147.0,5786.0,6083.0,6401.0,6427.0,6427.0,6476.0,6494.0,6645.0,6188.0,7065.0,5983.0,5953.0,6138.0,6279.0,6157.0,6629.0,6900.0,6966.0,6925.0,6727.0,7034.0,6288.0,6283.0,7095,6927.0,10261.0,6911.0
洛阳,6142.0,6310.0,6571.0,7058.0,7572.0,7874.0,8001.0,8037.0,8016.0,8032.0,8037.0,7997.0,7294.0,7142.0,7137.0,7667.0,8018.0,8612.0,8508.0,7372.0,8001.0,8374.0,8560.0,8607.0,9044,9062.06,9344.0,9572.0
漯河,3957.0,3925.0,3951.0,4032.0,4055.0,4206.0,4233.0,4393.0,4224.0,4353.0,4479.0,4560.0,4494.0,4453.0,4480.0,3998.0,4827.0,5068.0,5342.0,5428.0,5571.0,5245.0,5385.0,5457.0,5721,5215.0,7702.0,5739.0
吕梁,3552.0,3546.0,3763.0,3572.0,3657.0,3829.0,3769.0,3970.0,3788.0,3667.0,3708.0,4027.0,3996.0,3931.0,3762.0,3449.0,3852.0,3623.0,3421.0,3703.0,3585.0,3727.0,3521.0,3998.0,4395,4791.0,4156.0,4742.0
马鞍山,5506.0,5265.0,5822.0,6116.0,6350.0,6302.0,6910.0,6600.0,6209.0,6427.0,6466.0,6825.0,6622.0,6422.0,6784.0,6675.0,7217.0,7072.0,7500.0,7365.0,7322.0,7123.0,7253.0,7149.0,7626,7542.0,7751.0,7509.0
茂名,6175.0,6182.0,6387.0,6345.0,6635.0,6520.0,6597.0,6799.0,7285.0,7532.0,7050.0,7621.0,7609.0,7529.0,7856.0,8099.0,8096.0,7882.0,7805.0,7984.0,7897.0,7522.0,7741.0,7348.0,7267,6563.0,7145.0,7436.0
眉山,4011.0,3872.0,3934.0,4209.0,4371.0,4550.0,4528.0,4525.0,4864.0,4995.0,5237.0,5287.0,5531.0,5939.0,6130.0,6031.0,7064.0,7017.0,7249.0,6657.0,6417.0,6402.0,6592.0,6602.0,7162,5200.0,5577.0,6603.0
梅州,5021.0,4930.0,5183.0,5423.0,5639.0,5659.0,5845.0,5960.0,6410.0,6718.0,6884.0,6913.0,6986.0,7144.0,7471.0,7548.0,7202.0,7126.0,7579.0,6634.0,6468.0,6323.0,6389.0,6154.0,7224,6916.01,6074.0,7252.0
绵阳,4788.0,4689.0,4869.0,5071.0,5271.0,5365.0,5482.0,5725.0,6226.0,6989.0,6390.0,6530.0,7071.0,6594.0,7544.0,7916.0,8218.0,9071.0,8896.0,8383.0,8827.0,8926.0,8545.0,8532.0,8466,8609.0,8461.0,8902.0
牡丹江,4282.0,4254.0,4397.0,4412.0,4467.0,4520.0,4566.0,4691.0,4721.0,5014.0,5128.0,4900.0,4910.0,5208.0,4960.0,4817.0,5118.0,4653.0,4601.0,4835.0,5272.0,5348.0,5319.0,5488.0,5437,5595.0,5412.0,5477.0
南昌,10944.0,10728.0,10891.0,10946.0,11004.0,11141.0,11403.0,11265.0,11288.0,10620.0,11593.0,11100.0,10770.0,11245.0,11891.0,11984.0,12873.0,13038.0,12565.0,12098.0,12342.0,13440.0,12649.0,12533.0,12452,14628.0,12929.0,13803.0
南充,5971.0,6165.0,6430.0,6599.0,6629.0,6771.0,7066.0,6853.0,6903.0,7233.0,7221.0,7470.0,6577.0,6452.0,7079.0,7684.0,7981.0,8332.0,8234.0,7870.0,8036.0,7886.0,7750.0,7656.0,7640,7462.0,7526.0,7388.0
南京,26550.0,26617.0,27225.0,27439.0,27533.0,28218.0,28077.0,28718.0,29081.0,29705.0,29623.0,29815.0,30188.0,29905.0,29420.0,27907.0,28045.0,31226.0,30297.0,25420.0,27992.0,32563.0,28849.0,32639.0,29785,31227.37,32211.0,30836.0
南宁,8130.0,7754.0,8271.0,8615.0,8795.0,9029.0,9222.0,9316.0,9487.0,9278.0,9364.0,9517.0,10376.0,9872.0,9943.0,10037.0,10736.0,10462.0,11074.0,10778.0,11043.0,11584.0,11773.0,12188.0,11278,11315.0,11456.0,12001.0
南平,6243.0,6115.0,6364.0,6372.0,6457.0,6545.0,6645.0,6702.0,6928.0,6897.0,7004.0,7074.0,7021.0,7176.0,7103.0,6939.0,7059.0,6952.0,6970.0,7902.0,7882.0,8478.0,7681.0,7752.0,7809,7998.0,7450.0,7794.0
南通,10702.0,10927.0,12042.0,12569.0,13095.0,13036.0,12962.0,13014.0,12478.0,12541.0,12991.0,12930.0,11129.0,10902.0,11422.0,12260.0,12856.0,13435.0,13891.0,12086.0,12766.0,15285.0,13915.0,15137.0,15161,9344.0,12471.0,14697.0
南阳,4541.0,4565.0,4647.0,4650.0,4487.0,4739.0,4668.0,5076.0,4922.0,5315.0,5002.0,4913.0,5244.0,5186.0,5502.0,5711.0,6244.0,6256.0,6376.0,6295.0,6555.0,6702.0,6488.0,7057.0,7359,6889.0,8018.0,7806.0
内江,4305.0,4216.0,4360.0,4600.0,4648.0,4696.0,4819.0,4802.0,4969.0,5054.0,5306.0,5234.0,5209.0,5113.0,5096.0,5609.0,5504.0,5999.0,6505.0,6298.0,6309.0,5871.0,6491.0,6198.0,6454,6408.0,6423.0,6490.0
宁波,14453.0,14531.0,15066.0,15275.0,15681.0,15606.0,15533.0,15908.0,16196.0,16305.0,15230.0,16544.0,15957.0,15575.0,16349.0,16177.0,16711.0,16535.0,17986.0,17526.0,18283.0,21127.0,20136.0,21173.0,21338,18401.0,18573.0,22549.0
宁德,7084.0,7050.0,7192.0,7466.0,7627.0,7923.0,8136.0,8070.0,8556.0,8701.0,8564.0,8962.0,8799.0,9218.0,8710.0,7752.0,8869.0,10051.0,9635.0,9934.0,10433.0,10196.0,9670.0,8863.0,11039,10838.01,11108.0,11206.0
攀枝花,3888.0,3737.0,3748.0,3795.0,3915.0,4135.0,4200.0,4054.0,4321.0,4335.0,4515.0,4674.0,4381.0,4754.0,4565.0,4501.0,4585.0,4748.0,5025.0,4975.0,4597.0,5155.0,5014.0,5022.0,5239,5402.16,5374.0,5286.0
盘锦,3785.0,3755.0,3750.0,3795.0,3849.0,3782.0,3789.0,3771.0,3548.0,3472.0,3713.0,3660.0,3936.0,3834.0,3654.0,3664.0,3776.0,3835.0,3983.0,3774.0,3888.0,3891.0,3983.0,4022.0,3954,3991.0,3500.0,4089.0
平顶山,4990.0,4918.0,4947.0,4947.0,4930.0,4759.0,4703.0,4985.0,4729.0,4837.0,4847.0,5219.0,4980.0,4599.0,5295.0,4847.0,5058.0,4777.0,5256.0,4976.0,5346.0,4603.0,4990.0,5161.0,5872,5039.0,4947.0,5755.0
平凉,4411.0,4353.0,4484.0,4521.0,4542.0,4547.0,4682.0,4632.0,4724.0,4941.0,4803.0,5046.0,5619.0,5044.0,4907.0,4789.0,5387.0,4900.0,5578.0,4844.0,5272.0,5972.0,6113.0,6463.0,6253,6292.0,6430.0,6670.0
萍乡,3649.0,3723.0,3738.0,3749.0,3693.0,3977.0,3904.0,3980.0,3977.0,4199.0,4243.0,4316.0,4124.0,4232.0,4544.0,4149.0,4748.0,4903.0,5146.0,4861.0,4579.0,4676.0,4693.0,4715.0,5339,5538.0,5363.0,5293.0
莆田,9794.0,9837.0,10123.0,10304.0,10675.0,11651.0,11854.0,11525.0,11358.0,11570.0,12820.0,12538.0,12585.0,11731.0,12938.0,12825.0,12026.0,12089.0,12203.0,12517.0,13277.0,11936.0,12612.0,11274.0,13237,16496.0,13311.0,13808.0
濮阳,5183.0,5251.0,5285.0,5337.0,5413.0,5516.0,5570.0,5638.0,5699.0,5744.0,5872.0,5844.0,5976.0,5982.0,6047.0,5881.0,6126.0,6358.0,6364.0,6314.0,6705.0,6182.0,6475.0,6510.0,7009,7000.0,7013.0,7148.0
普洱,4526.0,4689.0,4652.0,4831.0,4929.0,4997.0,5104.0,5392.0,5415.0,5511.0,5808.0,6047.0,6892.0,6641.0,5492.0,5402.0,6162.0,5390.0,7357.0,6379.0,4844.0,6188.0,7122.0,7545.0,7623,7587.0,7819.0,7735.0
七台河,3050.0,2895.0,3004.0,3150.0,3118.0,3127.0,3108.0,3136.0,3047.0,2815.0,3216.0,3187.0,3344.0,2964.0,3647.0,3430.0,3279.0,3476.0,3248.0,3193.0,3084.0,3054.0,3086.0,3343.0,3107,3093.0,3219.0,3361.0
齐齐哈尔,5086.0,5006.0,5082.0,5043.0,5169.0,5315.0,5284.0,4944.0,4860.0,4866.0,4903.0,5143.0,5201.0,5424.0,4927.0,4303.0,4761.0,4019.0,3344.0,4423.0,4425.0,4996.0,4582.0,5000.0,5118,6166.0,5730.0,5491.0
钦州,3516.0,3465.0,3389.0,3407.0,3378.0,3573.0,3492.0,3568.0,3468.0,3477.0,3656.0,3631.0,3555.0,3518.0,3520.0,3617.0,3866.0,4102.0,4098.0,3954.0,4214.0,3888.0,4181.0,4335.0,4547,3872.0,4789.0,4754.0
秦皇岛,6591.0,6661.0,7203.0,8080.0,8677.0,8389.0,8559.0,8269.0,7447.0,7699.0,8017.0,8159.0,7835.0,7956.0,8170.0,8385.0,8904.0,9525.0,9895.0,9115.0,9455.0,9087.0,9663.0,9394.0,9746,8367.0,8681.0,9920.0
青岛,17871.0,17679.0,20729.0,21176.0,21913.0,22249.0,22011.0,22300.0,21196.0,20376.0,21120.0,21222.0,21465.0,22406.0,22678.0,22728.0,26287.0,26455.0,25825.0,21139.0,21067.0,26163.0,22478.0,24805.0,24473,25152.35,25360.0,25482.0
清远,4455.0,4391.0,5002.0,6026.0,6412.0,6913.0,7025.0,7228.0,6944.0,6683.0,7172.0,6937.0,6909.0,7335.0,7074.0,6971.0,7337.0,8291.0,7755.0,7279.0,7351.0,7104.0,7535.0,7384.0,7949,8021.2,8074.0,7737.0
庆阳,5188.0,5263.0,5357.0,5404.0,5507.0,5701.0,5755.0,5723.0,5921.0,5933.0,5934.0,6025.0,6051.0,6012.0,6191.0,6347.0,6369.0,7187.0,6512.0,6723.0,6845.0,7007.0,6735.0,6995.0,7157,7259.0,7665.0,7505.0
衢州,8467.0,8616.0,8925.0,9241.0,9879.0,10107.0,10256.0,9992.0,11222.0,11420.0,11384.0,11308.0,11524.0,12248.0,12200.0,11427.0,12480.0,13108.0,14126.0,12938.0,14077.0,14378.0,14394.0,14116.0,13811,13894.37,17878.0,13824.0
曲靖,3705.0,3706.0,3768.0,3710.0,3752.0,3859.0,3853.0,3834.0,3644.0,3889.0,3918.0,3915.0,3988.0,4124.0,4100.0,4200.0,4081.0,4063.0,4081.0,3813.0,4080.0,4679.0,4110.0,4476.0,4942,4754.0,4338.0,5041.0
泉州,9796.0,10210.0,10299.0,11191.0,10995.0,11599.0,12136.0,12356.0,12374.0,12115.0,12399.0,12605.0,12699.0,12561.0,12409.0,12180.0,12138.0,12556.0,13310.0,11532.0,11786.0,12574.0,12584.0,12136.0,14138,11019.0,11922.0,14100.0
日照,6261.0,6342.0,6230.0,6370.0,6283.0,6472.0,6541.0,6592.0,7456.0,7269.0,7407.0,7606.0,7162.0,6228.0,7601.0,7407.0,7905.0,8578.0,8898.0,8187.0,8511.0,7259.0,8464.0,8420.0,9891,10026.0,13545.0,10657.0
三门峡,3984.0,3916.0,4045.0,4243.0,4189.0,4186.0,4320.0,4416.0,4322.0,4115.0,4393.0,4505.0,3896.0,3696.0,3837.0,3914.0,4278.0,4516.0,4440.0,4413.0,4249.0,3554.0,4369.0,4921.0,4861,4858.0,4853.0,4922.0
三明,7233.0,7178.0,7066.0,7236.0,7242.0,7219.0,7069.0,7269.0,7368.0,7618.0,7600.0,7558.0,7880.0,7423.0,7577.0,7625.0,7536.0,6846.0,7824.0,7639.0,7468.0,8365.0,7827.0,8333.0,9311,9267.0,5797.0,9516.0
三亚,20709.0,20933.0,22034.0,24203.0,24372.0,23967.0,25652.0,27307.0,28325.0,28883.0,26957.0,34713.0,29311.0,29080.0,31854.0,37872.0,35018.0,41755.0,47601.0,33421.0,33395.0,33910.0,34028.0,38576.0,50648,39288.0,33005.0,34792.0
厦门,39114.0,40367.0,43871.0,47071.0,48666.0,48344.0,48112.0,46948.0,47561.0,47259.0,47100.0,47218.0,41610.0,42266.0,42562.0,38302.0,39330.0,41251.0,44169.0,38082.0,39117.0,41362.0,38689.0,39686.0,43296,43391.0,41585.0,43821.0
汕头,8452.0,8311.0,9059.0,9334.0,10118.0,10807.0,10215.0,10484.0,9537.0,10705.0,10858.0,10232.0,10255.0,9949.0,10485.0,10554.0,9673.0,11980.0,10854.0,9513.0,9948.0,9468.0,9693.0,9613.0,9917,7558.0,9974.0,10298.0
汕尾,5032.0,5009.0,5162.0,5213.0,5395.0,5790.0,6089.0,6016.0,5746.0,5425.0,6219.0,6378.0,6153.0,6189.0,5646.0,5250.0,6938.0,6736.0,5263.0,6168.0,5742.0,6250.0,6116.0,6494.0,8717,8722.0,9679.0,8399.0
商洛,3062.0,3097.0,3040.0,3047.0,3078.0,3038.0,3108.0,3202.0,3184.0,3427.0,3242.0,3251.0,3388.0,3349.0,3292.0,3163.0,3503.0,3694.0,4218.0,4161.0,5884.0,3523.0,4292.0,4253.0,4188,4901.0,4335.0,4562.0
商丘,3879.0,3863.0,4142.0,4310.0,4507.0,4673.0,4541.0,4958.0,4756.0,4809.0,4847.0,4888.0,5250.0,4806.0,5196.0,5742.0,6294.0,5693.0,6237.0,5905.0,6095.0,5601.0,5940.0,5841.0,6158,5127.0,5441.0,6314.0
上海,53239.0,55657.0,54358.0,53432.0,53844.0,52503.0,54349.0,52934.0,51669.0,54852.0,51209.0,52645.0,57079.0,58781.0,56803.0,58572.0,60648.0,57731.0,54183.0,48703.0,51894.0,54272.0,47879.0,51923.0,53166,51595.0,52249.0,52511.0
上饶,5015.0,5043.0,5184.0,5224.0,5420.0,5513.0,5660.0,5997.0,6475.0,6627.0,6454.0,6442.0,6839.0,6697.0,7027.0,6699.0,7892.0,8043.0,8130.0,7768.0,7940.0,7801.0,8010.0,7810.0,8300,8255.0,7592.0,8114.0
韶关,4652.0,4533.0,4583.0,4748.0,4858.0,4872.0,4990.0,4964.0,5395.0,5611.0,5072.0,4946.0,5765.0,6109.0,6141.0,6193.0,5981.0,6126.0,6469.0,5984.0,5931.0,5659.0,6454.0,5897.0,6012,6047.0,5431.0,6124.0
邵阳,3729.0,3728.0,3746.0,3786.0,3853.0,3915.0,3928.0,3857.0,4066.0,4120.0,4305.0,4148.0,4128.0,4134.0,4608.0,3825.0,4060.0,4340.0,4475.0,4584.0,4574.0,4366.0,4458.0,4767.0,5029,4388.0,5029.0,5105.0
绍兴,10640.0,9646.0,10070.0,11064.0,11638.0,10820.0,11478.0,10909.0,9499.0,9570.0,11219.0,11117.0,11125.0,10919.0,10514.0,11214.0,10626.0,9137.0,10833.0,11090.0,11442.0,12448.0,11660.0,12376.0,16438,15922.0,14076.0,15733.0
深圳,47833.0,48485.0,52148.0,51561.0,53189.0,54456.0,55400.0,56309.0,51188.0,53251.0,55068.0,55923.0,50052.0,53908.0,52639.0,51387.0,47414.0,58743.0,59531.0,51218.0,60328.0,59661.0,61203.0,60081.0,60775,61051.0,61950.0,62505.0
沈阳,7531.0,7531.0,7770.0,7830.0,8044.0,8107.0,8473.0,8296.0,7787.0,8338.0,8734.0,9012.0,9259.0,9523.0,9692.0,9151.0,9639.0,9385.0,9977.0,9413.0,9941.0,10791.0,10298.0,10627.0,10397,10611.05,10865.0,10662.0
十堰,4820.0,4762.0,4784.0,4840.0,4975.0,5133.0,5128.0,4994.0,5308.0,5387.0,5168.0,5258.0,5382.0,5224.0,5269.0,5246.0,5234.0,5192.0,5774.0,4900.0,5383.0,5928.0,5885.0,6049.0,5864,5799.0,5643.0,5896.0
石家庄,14244.0,14493.0,16164.0,17185.0,17742.0,17902.0,17930.0,17695.0,17686.0,17316.0,16973.0,16384.0,15925.0,15164.0,14351.0,14253.0,15953.0,16624.0,16369.0,14145.0,15930.0,16281.0,14600.0,16060.0,15571,15433.24,16274.0,15687.0
石嘴山,2780.0,2741.0,2734.0,2765.0,2773.0,2774.0,2725.0,2634.0,2626.0,2681.0,2643.0,2601.0,2657.0,2620.0,2910.0,2774.0,2726.0,3024.0,2960.0,2622.0,2512.0,2855.0,2695.0,2760.0,2965,3024.0,2663.0,2810.0
朔州,3249.0,3286.0,3316.0,3388.0,3315.0,3371.0,3274.0,3345.0,3026.0,3274.0,3195.0,3423.0,4208.0,3559.0,3296.0,3287.0,3216.0,3663.0,3485.0,3515.0,3167.0,3627.0,3532.0,3468.0,3530,3321.0,3300.0,3608.0
四平,3824.0,3821.0,3888.0,3952.0,3889.0,4086.0,4046.0,4042.0,4029.0,4378.0,4293.0,4126.0,4254.0,4445.0,4713.0,4110.0,4193.0,4752.0,4746.0,4880.0,4873.0,4785.0,4815.0,4866.0,4740,4708.0,4410.0,4751.0
松原,4100.0,4175.0,4188.0,4202.0,4109.0,4192.0,4322.0,4183.0,4254.0,4071.0,4238.0,4372.0,4933.0,4130.0,4022.0,4232.0,4273.0,4153.0,4368.0,4466.0,4442.0,4428.0,4379.0,4322.0,4546,3000.0,3988.0,4492.0
苏州,21617.0,21903.0,21496.0,21662.0,21433.0,21300.0,21060.0,20346.0,20473.0,20519.0,20546.0,20925.0,16664.0,15881.0,16188.0,16590.0,16536.0,21782.0,21487.0,17726.0,18308.0,23036.0,19633.0,23941.0,24909,30103.0,23530.0,25233.0
绥化,3244.0,3175.0,3209.0,3280.0,3347.0,3414.0,3355.0,3358.0,3688.0,3760.0,3513.0,3433.0,3617.0,3598.0,3364.0,3273.0,3542.0,3412.0,3556.0,3056.0,3445.0,3749.0,3393.0,3714.0,3803,3886.0,4310.0,3759.0
随州,3703.0,3641.0,3718.0,3868.0,3887.0,4039.0,4034.0,4098.0,4410.0,4264.0,4456.0,4695.0,4415.0,4795.0,4568.0,4402.0,5043.0,5239.0,5125.0,5076.0,5349.0,5197.0,5193.0,5205.0,5296,5466.0,6070.0,5491.0
遂宁,5029.0,5012.0,5087.0,5248.0,5179.0,5538.0,5627.0,5457.0,6347.0,6648.0,6220.0,6776.0,6542.0,6483.0,6005.0,6402.0,7192.0,7754.0,7977.0,7198.0,6872.0,8603.0,7758.0,7672.0,8126,8198.05,8492.0,7759.0
台州,11037.0,11174.0,11664.0,12109.0,11446.0,11775.0,12191.0,11613.0,11805.0,12435.0,12719.0,14045.0,12643.0,12520.0,13607.0,13458.0,14181.0,14239.0,13792.0,13600.0,12956.0,14437.0,13926.0,14227.0,14113,13155.0,12913.0,14484.0
太原,8591.0,8693.0,8872.0,8987.0,9154.0,9262.0,9297.0,9351.0,8842.0,9343.0,9493.0,9670.0,9776.0,9940.0,10404.0,10433.0,11227.0,11419.0,11704.0,11645.0,12088.0,12122.0,11724.0,12205.0,12347,12193.31,12471.0,12341.0
泰安,6763.0,6778.0,7235.0,7104.0,7767.0,7375.0,7205.0,7385.0,6112.0,6239.0,7476.0,7766.0,6177.0,6249.0,6714.0,6338.0,7105.0,8275.0,8884.0,8338.0,9505.0,9641.0,8753.0,9879.0,11162,8386.0,8725.0,11228.0
泰州,7079.0,7091.0,7341.0,7745.0,7839.0,7947.0,8525.0,8533.0,8575.0,8944.0,10769.0,11150.0,9065.0,9191.0,10048.0,9782.0,10442.0,10048.0,10205.0,9813.0,10004.0,10345.0,9981.0,9422.0,10997,9124.0,9660.0,11159.0
唐山,7242.0,7400.0,7855.0,8693.0,8945.0,9147.0,9172.0,9150.0,8860.0,8914.0,9027.0,8973.0,8626.0,9152.0,8836.0,7823.0,9410.0,9453.0,9660.0,8412.0,9509.0,9197.0,9122.0,9629.0,10735,9559.0,9558.0,10939.0
天津,25019.0,26976.0,27963.0,26955.0,27552.0,28681.0,28011.0,27621.0,28234.0,27126.0,26595.0,24866.0,25459.0,25246.0,24231.0,21914.0,24791.0,25451.0,26091.0,22490.0,24393.0,28166.0,22913.0,28030.0,25528,24551.17,25831.0,25466.0
天水,6919.0,6971.0,6992.0,6960.0,7162.0,7019.0,7089.0,7097.0,7303.0,7574.0,7278.0,7057.0,7663.0,7653.0,7465.0,7456.0,7952.0,7008.0,8654.0,8255.0,9131.0,8049.0,8032.0,8294.0,8142,8512.0,8834.0,8678.0
铁岭,3584.0,3548.0,3685.0,3642.0,3594.0,3656.0,3697.0,3614.0,3587.0,3727.0,3621.0,3677.0,3774.0,3785.0,3779.0,3705.0,3844.0,3843.0,3949.0,3830.0,3892.0,3964.0,3868.0,3833.0,3772,3836.07,3477.0,3753.0
通化,3847.0,3827.0,3950.0,4058.0,4089.0,4119.0,4128.0,4189.0,4321.0,4329.0,4327.0,4438.0,4599.0,4693.0,4694.0,4738.0,4866.0,4676.0,5259.0,5302.0,5191.0,5065.0,5266.0,5144.0,5306,4572.0,5680.0,5434.0
通辽,4756.0,4800.0,4863.0,4856.0,4944.0,5029.0,5025.0,5179.0,4964.0,5203.0,5186.0,5318.0,5194.0,4903.0,5161.0,4876.0,5665.0,5812.0,5687.0,5934.0,6445.0,6037.0,5686.0,5854.0,6167,6179.0,5268.0,6194.0
铜川,2820.0,2935.0,2929.0,2874.0,2860.0,2911.0,3040.0,3076.0,3016.0,3214.0,2947.0,3939.0,3093.0,3071.0,2988.0,3337.0,3324.0,3506.0,3792.0,3875.0,4889.0,3161.0,4073.0,4261.0,4057,6037.0,4084.0,3936.0
铜陵,5945.0,5980.0,5968.0,6034.0,6210.0,6407.0,6375.0,6501.0,6477.0,6673.0,6763.0,6434.0,7003.0,7091.0,7006.0,6149.0,7661.0,7815.0,7989.0,8077.0,8391.0,8101.0,7846.0,7919.0,8052,8232.0,8536.0,8401.0
威海,5605.0,5615.0,5681.0,5863.0,6045.0,6524.0,6784.0,7036.0,7740.0,7948.0,8257.0,8218.0,7203.0,6455.0,6891.0,6660.0,7630.0,7634.0,8094.0,7495.0,8097.0,8379.0,8005.0,8165.0,10096,8547.0,7324.0,10359.0
潍坊,5055.0,5045.0,5207.0,5421.0,5575.0,5755.0,5952.0,6158.0,6285.0,6452.0,6368.0,6627.0,6794.0,7017.0,6740.0,6533.0,6858.0,7406.0,7444.0,6913.0,7011.0,7178.0,6742.0,6980.0,7684,7242.0,7078.0,7694.0
渭南,3397.0,3368.0,3444.0,3404.0,3427.0,3434.0,3468.0,3537.0,3636.0,3632.0,3646.0,3663.0,3688.0,3775.0,3648.0,3769.0,4429.0,4278.0,4439.0,4623.0,4905.0,5694.0,4736.0,4937.0,5078,5129.0,5205.0,5187.0
温州,17276.0,17822.0,18580.0,18903.0,20035.0,20240.0,20354.0,19899.0,20441.0,20535.0,20553.0,20605.0,19026.0,17518.0,18390.0,18654.0,17420.0,19442.0,19951.0,16803.0,18799.0,21069.0,20538.0,20641.0,23231,19046.0,18731.0,22532.0
乌海,3978.0,3977.0,4032.0,4036.0,4101.0,4116.0,4083.0,4138.0,3692.0,3865.0,4254.0,4061.0,4551.0,3830.0,4218.0,4344.0,4140.0,4039.0,4461.0,4287.0,4508.0,4670.0,4488.0,4761.0,4465,4435.0,4512.0,4474.0
乌兰察布,3490.0,3484.0,3675.0,3688.0,3785.0,3714.0,3790.0,3749.0,3903.0,3837.0,3895.0,3730.0,3712.0,3511.0,3560.0,4017.0,3823.0,4054.0,4167.0,3500.0,3784.0,3741.0,3540.0,4365.0,4562,4760.12,4763.0,4667.0
乌鲁木齐,6963.0,6873.0,6764.0,6773.0,7254.0,6475.0,6690.0,7244.0,7029.0,7099.0,7311.0,7311.0,7515.0,8281.0,8320.0,8279.0,8730.0,8288.0,8446.0,8474.0,8493.0,8177.0,8132.0,7826.0,8395,7248.0,7982.0,8395.0
无锡,10275.0,10373.0,10969.0,11191.0,11585.0,11899.0,12011.0,12352.0,11635.0,11824.0,12383.0,12676.0,11806.0,12687.0,12473.0,12333.0,10957.0,11209.0,13355.0,11825.0,13365.0,14759.0,13491.0,14965.0,15248,15182.0,14132.0,15709.0
芜湖,7144.0,7280.0,7441.0,7741.0,8007.0,8336.0,8503.0,8724.0,9286.0,9197.0,9258.0,10264.0,9903.0,9897.0,10485.0,10831.0,10891.0,11462.0,11939.0,12024.0,11418.0,12032.0,11279.0,11268.0,11536,11726.14,11915.0,11711.0
吴忠,3428.0,3409.0,3406.0,3422.0,3438.0,3496.0,3530.0,3455.0,3253.0,3461.0,3576.0,3311.0,3462.0,3314.0,3472.0,3231.0,3570.0,3361.0,3415.0,3494.0,3534.0,3302.0,3656.0,3614.0,3738,3906.0,3789.0,3888.0
梧州,3765.0,3861.0,3821.0,3825.0,3981.0,4057.0,4114.0,3911.0,4018.0,4290.0,4296.0,4373.0,4409.0,4227.0,4012.0,4096.0,4669.0,4549.0,4709.0,4340.0,4225.0,5372.0,5193.0,5230.0,4845,4855.0,5013.0,4947.0
武汉,15396.0,15881.0,16711.0,17116.0,17357.0,17674.0,17384.0,17266.0,17978.0,17079.0,17888.0,18045.0,17686.0,17657.0,17785.0,18153.0,19841.0,17162.0,17946.0,16431.0,17513.0,19288.0,17722.0,18706.0,17910,18592.0,18355.0,18270.0
武威,4610.0,4668.0,4644.0,4666.0,4741.0,4811.0,4859.0,4686.0,4875.0,4932.0,5036.0,5032.0,5445.0,5318.0,4346.0,4438.0,5542.0,5020.0,5788.0,6015.0,6090.0,6193.0,6233.0,6131.0,6142,6355.0,6347.0,6425.0
西安,7854.0,8053.0,8565.0,9099.0,9565.0,10081.0,10254.0,10528.0,10307.0,9866.0,9996.0,10332.0,10585.0,11115.0,11660.0,12618.0,15328.0,15472.0,16323.0,14728.0,15547.0,15762.0,14896.0,15696.0,14576,15217.0,16271.0,14816.0
西宁,5978.0,6482.0,6427.0,5953.0,6705.0,5960.0,5922.0,6173.0,6395.0,6588.0,6913.0,6763.0,6076.0,6019.0,6096.0,6010.0,6311.0,6625.0,6586.0,6673.0,7442.0,8099.0,7139.0,7570.0,7982,7987.0,7793.0,8487.0
咸宁,3033.0,2991.0,3062.0,3078.0,3088.0,3262.0,3356.0,3428.0,3358.0,3511.0,3374.0,3553.0,3530.0,3589.0,3804.0,4220.0,3997.0,4415.0,4319.0,4860.0,4818.0,5094.0,4764.0,4814.0,5117,5451.1,4844.0,5169.0
咸阳,3991.0,3947.0,4030.0,4193.0,4266.0,4377.0,4444.0,4647.0,4641.0,4534.0,5379.0,5714.0,5318.0,5422.0,5969.0,6570.0,7026.0,7712.0,8305.0,7818.0,7948.0,7552.0,7120.0,7103.0,6712,6861.05,7250.0,7632.0
湘潭,3865.0,3918.0,4007.0,4133.0,4229.0,4370.0,4473.0,4516.0,4585.0,4666.0,5115.0,4810.0,4853.0,4696.0,4711.0,4177.0,5116.0,4602.0,4727.0,4814.0,5020.0,5362.0,5587.0,5415.0,5920,4785.0,5290.0,5741.0
襄阳,6146.0,6206.0,6491.0,6685.0,6805.0,7130.0,7421.0,7607.0,8154.0,8282.0,8189.0,7867.0,8270.0,8338.0,8835.0,9209.0,9085.0,9187.0,9080.0,8630.0,9272.0,8941.0,8989.0,9053.0,9205,7249.0,9393.0,9161.0
孝感,4491.0,4158.0,4157.0,4231.0,4476.0,4687.0,4579.0,4908.0,4729.0,4865.0,5517.0,5655.0,4916.0,5090.0,4963.0,5116.0,6050.0,6739.0,6096.0,5597.0,6568.0,6453.0,6364.0,6107.0,6900,6797.0,4868.0,6411.0
忻州,4493.0,4325.0,4410.0,4370.0,4317.0,4494.0,4347.0,4425.0,4476.0,4389.0,4529.0,4428.0,4710.0,4116.0,4416.0,4173.0,4715.0,4739.0,4582.0,4489.0,4700.0,5308.0,5477.0,5057.0,4982,4862.0,4921.0,5050.0
新乡,4540.0,4592.0,4646.0,4808.0,5035.0,5494.0,5625.0,5830.0,6284.0,6548.0,6567.0,6199.0,6559.0,6584.0,6760.0,7138.0,6990.0,7567.0,7616.0,7238.0,8034.0,7209.0,7219.0,7605.0,7893,7233.0,6313.0,7605.0
新余,4046.0,3998.0,3981.0,4092.0,4160.0,4148.0,4213.0,4271.0,3985.0,4053.0,3992.0,4168.0,4063.0,3962.0,4029.0,4140.0,4713.0,5160.0,4361.0,4313.0,4826.0,4212.0,4680.0,4968.0,5192,5258.0,5290.0,5523.0
信阳,4314.0,4461.0,4677.0,4814.0,4827.0,4956.0,5093.0,5415.0,5685.0,5493.0,5847.0,5922.0,6222.0,5906.0,6216.0,5783.0,6169.0,6077.0,6808.0,6838.0,7215.0,6697.0,6719.0,6689.0,7273,6400.0,6927.0,7092.0
邢台,5487.0,5494.0,5658.0,5962.0,6221.0,6599.0,6651.0,6788.0,6991.0,6879.0,6797.0,7056.0,6825.0,7016.0,7396.0,7297.0,7615.0,8086.0,7573.0,7721.0,8179.0,7170.0,7739.0,7425.0,8185,6676.0,8209.0,8314.0
宿迁,4915.0,4985.0,5120.0,5303.0,5492.0,5756.0,6093.0,6065.0,6202.0,6364.0,6446.0,6375.0,6388.0,6392.0,6841.0,7055.0,7117.0,7380.0,7726.0,7868.0,7860.0,8037.0,7822.0,7738.0,8305,8365.0,7438.0,8541.0
宿州,5116.0,5302.0,5326.0,5313.0,5380.0,5556.0,5578.0,5762.0,5132.0,5297.0,5772.0,5827.0,5440.0,5212.0,5292.0,5362.0,6028.0,5467.0,5845.0,5887.0,6014.0,5947.0,5714.0,5732.0,6477,4774.0,6388.0,6606.0
徐州,7379.0,7513.0,7703.0,8245.0,8661.0,8748.0,9300.0,9568.0,9607.0,9739.0,9366.0,9345.0,9085.0,8416.0,9306.0,9863.0,10799.0,9416.0,11939.0,10232.0,11186.0,11733.0,10292.0,11549.0,11760,11690.1,11615.0,11822.0
许昌,4830.0,4786.0,5082.0,5338.0,5643.0,6031.0,6121.0,6044.0,6194.0,6527.0,6160.0,5930.0,6064.0,5910.0,6446.0,5922.0,6305.0,6476.0,6747.0,6549.0,6965.0,6584.0,6623.0,6316.0,7230,7410.0,6366.0,7314.0
宣城,5606.0,5613.0,5835.0,6038.0,6196.0,6122.0,6068.0,6312.0,6827.0,7171.0,6688.0,6937.0,7090.0,6931.0,7088.0,7151.0,7648.0,7554.0,7584.0,7569.0,7564.0,7853.0,7716.0,7672.0,8233,8144.0,12992.0,8265.0
雅安,5080.0,5198.0,5118.0,5309.0,5403.0,5663.0,5874.0,5825.0,5895.0,5922.0,5565.0,5481.0,6589.0,6470.0,6197.0,6807.0,6924.0,5511.0,6108.0,6533.0,4118.0,5110.0,6636.0,7363.0,5644,5562.0,5765.0,5340.0
烟台,8800.0,8932.0,8763.0,8890.0,9015.0,9363.0,9384.0,9423.0,9376.0,9737.0,9979.0,10666.0,9914.0,9413.0,10282.0,9198.0,10341.0,11858.0,12468.0,9943.0,11085.0,12429.0,9849.0,11235.0,12436,12180.28,11486.0,11989.0
延安,4378.0,4352.0,4436.0,4557.0,4663.0,4706.0,4727.0,4784.0,4642.0,4559.0,4872.0,4492.0,4575.0,4611.0,4627.0,4367.0,4333.0,4423.0,4823.0,4608.0,4748.0,5208.0,5018.0,5083.0,5487,5498.0,7435.0,5573.0
盐城,6974.0,7267.0,8227.0,8655.0,8734.0,8770.0,9102.0,8788.0,8987.0,10001.0,9936.0,9616.0,8491.0,8079.0,8873.0,8744.0,8912.0,9376.0,9507.0,8875.0,9745.0,9802.0,9395.0,9172.0,10546,7736.0,9154.0,10849.0
扬州,9366.0,9405.0,9916.0,10626.0,11239.0,11471.0,11912.0,12507.0,12452.0,12606.0,12912.0,13083.0,10939.0,11093.0,11650.0,11415.0,12309.0,13809.0,13471.0,12572.0,12542.0,13963.0,12640.0,13029.0,14451,11930.0,13780.0,14526.0
阳江,4324.0,4270.0,4482.0,4459.0,4576.0,4758.0,4790.0,5056.0,4799.0,5199.0,5067.0,5175.0,5077.0,5460.0,5521.0,5778.0,5725.0,5796.0,6167.0,5547.0,5477.0,5249.0,5622.0,5480.0,6429,5711.0,5145.0,6772.0
阳泉,3857.0,3805.0,3702.0,3528.0,3563.0,3910.0,3880.0,3949.0,3840.0,3735.0,3526.0,3531.0,3939.0,3860.0,4040.0,3552.0,3786.0,3867.0,4079.0,4432.0,3737.0,3787.0,4044.0,4039.0,4211,4177.0,4193.0,4355.0
伊春,3147.0,3189.0,3423.0,3326.0,3312.0,3232.0,3194.0,3274.0,3162.0,3467.0,3566.0,3676.0,3471.0,3359.0,3018.0,2349.0,2523.0,3047.0,3157.0,2008.0,4500.0,3236.0,3748.0,3850.0,3808,3955.0,3585.0,3762.0
宜宾,5137.0,5273.0,5388.0,5581.0,5693.0,5847.0,5891.0,6269.0,5955.0,6007.0,6106.0,6067.0,6956.0,6270.0,6186.0,6110.0,6119.0,7341.0,7429.0,6784.0,7191.0,8485.0,7500.0,7758.0,6785,8038.0,6747.0,6617.0
宜昌,6915.0,7054.0,7270.0,7325.0,7397.0,7600.0,7927.0,7935.0,8008.0,8327.0,8366.0,8816.0,8395.0,8578.0,8867.0,9087.0,9754.0,10071.0,10464.0,9713.0,10465.0,9239.0,9186.0,8249.0,9125,7275.0,8248.0,8921.0
宜春,4858.0,4825.0,4857.0,5091.0,5179.0,5512.0,5323.0,5390.0,5243.0,5288.0,6386.0,5967.0,5810.0,6049.0,6084.0,6069.0,6837.0,7214.0,6962.0,6717.0,7087.0,6920.0,6304.0,6759.0,6550,6419.0,6820.0,6580.0
益阳,3492.0,3346.0,3535.0,3629.0,3621.0,3836.0,4015.0,3937.0,4258.0,4526.0,4541.0,4604.0,4346.0,4773.0,4639.0,4761.0,5424.0,4922.0,5699.0,5415.0,5245.0,5557.0,6144.0,5679.0,6014,6406.0,6813.0,6221.0
银川,5243.0,5318.0,5422.0,5478.0,5532.0,5617.0,5385.0,5470.0,4997.0,5157.0,5000.0,5113.0,5352.0,4904.0,5279.0,5339.0,5703.0,6029.0,6104.0,5502.0,5668.0,5978.0,5749.0,5750.0,5938,6068.0,5924.0,6112.0
鹰潭,4655.0,4685.0,4702.0,4745.0,4883.0,4901.0,4967.0,4819.0,5090.0,4916.0,4819.0,4875.0,5187.0,4518.0,4681.0,4379.0,5144.0,4713.0,4589.0,5625.0,5333.0,5074.0,5702.0,5968.0,5734,5909.0,6235.0,6097.0
营口,3995.0,4166.0,4168.0,4262.0,4156.0,4305.0,4291.0,4386.0,4108.0,4214.0,4160.0,4221.0,4277.0,4227.0,4252.0,4136.0,4271.0,4162.0,4334.0,4121.0,4199.0,4998.0,5454.0,4646.0,4786,4779.0,4947.0,4998.0
永州,3577.0,3453.0,3708.0,3841.0,3921.0,3945.0,4023.0,4015.0,4281.0,4409.0,4538.0,4536.0,4525.0,4459.0,4222.0,4027.0,4951.0,4850.0,5099.0,4925.0,6050.0,6016.0,5486.0,5677.0,6130,5739.0,5872.0,6210.0
榆林,5294.0,5456.0,5575.0,5689.0,5677.0,5969.0,6012.0,5604.0,5824.0,5970.0,6239.0,5955.0,5992.0,6203.0,6991.0,7871.0,6123.0,7308.0,6393.0,6193.0,6402.0,5845.0,6619.0,6343.0,6189,6425.0,6565.0,6579.0
玉林,4200.0,4062.0,4284.0,4296.0,4223.0,4307.0,4231.0,4164.0,4278.0,4350.0,4517.0,4521.0,4458.0,4498.0,4543.0,4673.0,4726.0,4826.0,4947.0,5250.0,4920.0,5021.0,5190.0,4968.0,5472,5431.0,5540.0,5586.0
玉溪,5751.0,5866.0,5808.0,5821.0,5980.0,5907.0,5940.0,5891.0,6027.0,5907.0,6084.0,5979.0,6393.0,6611.0,6491.0,5817.0,6877.0,6536.0,6433.0,6354.0,6865.0,8076.0,7664.0,6868.0,7235,7164.0,7187.0,7287.0
岳阳,4839.0,4866.0,5112.0,5109.0,5244.0,5708.0,5730.0,5969.0,6474.0,6660.0,6227.0,6690.0,6134.0,6347.0,6742.0,6995.0,6889.0,6574.0,7310.0,7206.0,6922.0,7808.0,6801.0,6163.0,7546,7574.0,4768.0,7289.0
云浮,4326.0,4438.0,4533.0,4582.0,4520.0,4703.0,4709.0,4812.0,4779.0,4988.0,5297.0,4973.0,5089.0,5155.0,4947.0,5545.0,5620.0,5242.0,5571.0,5725.0,5657.0,5163.0,5772.0,5684.0,5513,5569.0,5803.0,5395.0
枣庄,4511.0,4624.0,4753.0,4756.0,4948.0,5134.0,5025.0,5204.0,5355.0,5228.0,5366.0,5283.0,5356.0,5376.0,5929.0,5728.0,5931.0,6184.0,5751.0,6019.0,6483.0,6485.0,6269.0,6519.0,6214,6101.0,6394.0,6413.0
湛江,7104.0,7272.0,7265.0,7775.0,7868.0,8194.0,8245.0,8484.0,7772.0,8477.0,8673.0,8431.0,8811.0,8756.0,9327.0,9401.0,9652.0,9727.0,10344.0,9589.0,10327.0,9315.0,9061.0,9154.0,9741,7663.0,10023.0,9610.0
张家界,4107.0,4016.0,4235.0,4453.0,4818.0,5097.0,5163.0,5439.0,5472.0,5669.0,5948.0,5738.0,5439.0,5875.0,5395.0,5467.0,6003.0,5911.0,6128.0,6323.0,6434.0,6681.0,6552.0,6617.0,6841,7047.0,5862.0,6900.0
张家口,7957.0,7857.0,8405.0,8816.0,9746.0,9548.0,8082.0,8237.0,9161.0,9068.0,9076.0,9532.0,9812.0,9411.0,9055.0,9172.0,9225.0,9676.0,9366.0,8599.0,9159.0,8457.0,9677.0,8716.0,9069,8667.0,9157.0,9412.0
张掖,3603.0,3594.0,3543.0,3579.0,3554.0,3603.0,3471.0,3621.0,3604.0,3716.0,3405.0,3558.0,3828.0,3469.0,3579.0,3347.0,3600.0,4009.0,3550.0,3744.0,3582.0,3531.0,3384.0,3140.0,3433,3345.0,3157.0,3273.0
漳州,10155.0,10595.0,11930.0,13538.0,13350.0,13218.0,13183.0,13926.0,13132.0,13042.0,13181.0,13012.0,13569.0,13239.0,13653.0,13568.0,13591.0,13823.0,13971.0,13460.0,13245.0,12724.0,12799.0,13928.0,13321,11996.0,11902.0,13388.0
长春,6874.0,6870.0,6958.0,7065.0,7036.0,7167.0,7297.0,7421.0,7286.0,7436.0,7474.0,7632.0,7947.0,8146.0,8363.0,8492.0,8981.0,9055.0,9667.0,9065.0,9586.0,9597.0,9162.0,9802.0,9582,11091.0,10762.0,9994.0
长沙,8244.0,8166.0,8803.0,9246.0,9457.0,9667.0,9977.0,10195.0,10108.0,10186.0,9868.0,10493.0,10513.0,10680.0,10898.0,11065.0,12014.0,12148.0,12024.0,11606.0,11670.0,12323.0,11455.0,11623.0,11239,11466.13,11619.0,11408.0
长治,5506.0,5585.0,5574.0,5658.0,5709.0,5828.0,5816.0,5854.0,5895.0,6026.0,5887.0,6004.0,5440.0,4784.0,4108.0,5011.0,4577.0,4566.0,6380.0,6532.0,6609.0,6771.0,6472.0,5960.0,6793,7089.0,7369.0,7383.0
昭通,3609.0,3703.0,3706.0,3783.0,4068.0,4053.0,4030.0,4161.0,4380.0,4394.0,4380.0,4473.0,4608.0,4620.0,3829.0,3886.0,5087.0,5030.0,4757.0,5733.0,3915.0,5347.0,5752.0,5298.0,5612,5570.0,8780.0,5679.0
肇庆,5265.0,5308.0,5351.0,5573.0,5893.0,6213.0,6309.0,6380.0,6310.0,6638.0,7066.0,7348.0,7312.0,7198.0,7855.0,7731.0,7848.0,7949.0,8252.0,7067.0,7058.0,7307.0,7327.0,7195.0,8549,8618.0,8819.0,8314.0
镇江,6896.0,7095.0,7554.0,7906.0,8107.0,8280.0,8414.0,8542.0,8873.0,9131.0,9314.0,9338.0,9791.0,9513.0,10040.0,9881.0,9968.0,10994.0,11669.0,10324.0,11033.0,11711.0,9967.0,11052.0,9769,11907.0,11674.0,9840.0
郑州,14073.0,14025.0,14571.0,14732.0,14829.0,15682.0,15495.0,15325.0,15032.0,15015.0,14875.0,14927.0,14804.0,14997.0,14519.0,14177.0,15931.0,15210.0,14531.0,13735.0,14991.0,16442.0,15108.0,14929.0,14735,15206.0,14975.0,15511.0
中山,9053.0,9298.0,10321.0,11128.0,11460.0,11818.0,11465.0,11474.0,11878.0,11527.0,11669.0,11839.0,11359.0,11642.0,12051.0,11825.0,12792.0,11796.0,12290.0,11332.0,12677.0,13064.0,12201.0,12792.0,13301,13904.1,12683.0,13789.0
中卫,3986.0,4002.0,3870.0,3864.0,3856.0,3810.0,3791.0,3722.0,3699.0,3843.0,3732.0,3818.0,3842.0,3833.0,3346.0,3578.0,3777.0,3866.0,4332.0,3653.0,3219.0,3729.0,3785.0,3842.0,3800,3681.0,3856.0,3617.0
重庆,8472.0,8541.0,9378.0,9907.0,10362.0,10723.0,10866.0,10779.0,10773.0,10024.0,10789.0,11290.0,10944.0,11040.0,11219.0,11312.0,12819.0,14729.0,14828.0,13570.0,14229.0,13916.0,12802.0,13697.0,12529,12617.26,13334.0,12816.0
舟山,11034.0,11392.0,11452.0,11531.0,11943.0,12546.0,12859.0,12957.0,13965.0,13451.0,12805.0,13694.0,14191.0,15134.0,15061.0,17075.0,16648.0,16415.0,18278.0,17281.0,17021.0,15463.0,13356.0,14529.0,16074,16021.0,15320.0,15802.0
周口,3540.0,3283.0,3365.0,3589.0,3665.0,3808.0,3783.0,3902.0,4106.0,4144.0,4308.0,4349.0,4212.0,4321.0,4512.0,4467.0,4637.0,4422.0,4960.0,4736.0,4519.0,4216.0,4836.0,4814.0,5571,4709.0,4693.0,5738.0
珠海,22352.0,22524.0,22824.0,23074.0,23103.0,22389.0,21921.0,21182.0,20191.0,18925.0,21214.0,21167.0,19216.0,19707.0,19944.0,19996.0,21993.0,19846.0,20953.0,18547.0,18766.0,21275.0,21934.0,22641.0,22931,23381.0,23646.0,23585.0
株洲,4264.0,4301.0,4398.0,4504.0,4572.0,4902.0,5008.0,5288.0,4887.0,5087.0,5450.0,5496.0,5513.0,5710.0,5702.0,5834.0,5960.0,6348.0,6649.0,6553.0,6594.0,6527.0,6403.0,6263.0,6379,6436.0,6327.0,6287.0
驻马店,4035.0,4123.0,4341.0,4475.0,4504.0,4558.0,4622.0,4705.0,4861.0,5236.0,4939.0,4941.0,5409.0,5147.0,5343.0,5668.0,6155.0,6424.0,6534.0,6748.0,6950.0,5525.0,6995.0,6918.0,6648,3947.0,6539.0,6565.0
资阳,4331.0,4459.0,4526.0,4813.0,5064.0,5366.0,5162.0,6078.0,5778.0,5804.0,5976.0,7230.0,6175.0,6481.0,6524.0,6496.0,7774.0,7522.0,7830.0,6288.0,5664.0,7489.0,6615.0,6337.0,6818,4887.0,8879.0,6646.0
淄博,6488.0,6659.0,6679.0,6840.0,7021.0,7215.0,7113.0,7356.0,7521.0,7894.0,8216.0,8641.0,8113.0,8399.0,8512.0,8279.0,8848.0,9711.0,10000.0,8914.0,9318.0,9512.0,8475.0,8729.0,9558,11100.0,10390.0,9634.0
自贡,4433.0,4483.0,4521.0,4662.0,4748.0,4805.0,4754.0,5127.0,4914.0,5193.0,5080.0,5320.0,5183.0,5371.0,5491.0,5689.0,6393.0,6641.0,6436.0,6674.0,6682.0,5992.0,6575.0,6741.0,6380,6452.0,6262.0,6247.0
遵义,4604.0,4624.0,4821.0,4980.0,4814.0,4966.0,5008.0,5026.0,5045.0,5153.0,5088.0,5059.0,5315.0,5276.0,5392.0,5182.0,6355.0,5887.0,6097.0,5795.0,5900.0,6009.0,6252.0,6216.0,6531,6417.0,6413.0,6471.0
